-- MySQL dump 10.13  Distrib 5.7.22, for Win64 (x86_64)
--
-- Host: 120.95.132.195    Database: day4_4
-- ------------------------------------------------------
-- Server version	5.7.22-0ubuntu0.16.04.1

/*!40101 SET @OLD_CHARACTER_SET_CLIENT=@@CHARACTER_SET_CLIENT */;
/*!40101 SET @OLD_CHARACTER_SET_RESULTS=@@CHARACTER_SET_RESULTS */;
/*!40101 SET @OLD_COLLATION_CONNECTION=@@COLLATION_CONNECTION */;
/*!40101 SET NAMES utf8 */;
/*!40103 SET @OLD_TIME_ZONE=@@TIME_ZONE */;
/*!40103 SET TIME_ZONE='+00:00' */;
/*!40014 SET @OLD_UNIQUE_CHECKS=@@UNIQUE_CHECKS, UNIQUE_CHECKS=0 */;
/*!40014 SET @OLD_FOREIGN_KEY_CHECKS=@@FOREIGN_KEY_CHECKS, FOREIGN_KEY_CHECKS=0 */;
/*!40101 SET @OLD_SQL_MODE=@@SQL_MODE, SQL_MODE='NO_AUTO_VALUE_ON_ZERO' */;
/*!40111 SET @OLD_SQL_NOTES=@@SQL_NOTES, SQL_NOTES=0 */;

--
-- Table structure for table `auth_group`
--

DROP TABLE IF EXISTS `auth_group`;
/*!40101 SET @saved_cs_client     = @@character_set_client */;
/*!40101 SET character_set_client = utf8 */;
CREATE TABLE `auth_group` (
  `id` int(11) NOT NULL AUTO_INCREMENT,
  `name` varchar(80) NOT NULL,
  PRIMARY KEY (`id`),
  UNIQUE KEY `name` (`name`)
) ENGINE=InnoDB DEFAULT CHARSET=utf8;
/*!40101 SET character_set_client = @saved_cs_client */;

--
-- Dumping data for table `auth_group`
--

LOCK TABLES `auth_group` WRITE;
/*!40000 ALTER TABLE `auth_group` DISABLE KEYS */;
/*!40000 ALTER TABLE `auth_group` ENABLE KEYS */;
UNLOCK TABLES;

--
-- Table structure for table `auth_group_permissions`
--

DROP TABLE IF EXISTS `auth_group_permissions`;
/*!40101 SET @saved_cs_client     = @@character_set_client */;
/*!40101 SET character_set_client = utf8 */;
CREATE TABLE `auth_group_permissions` (
  `id` int(11) NOT NULL AUTO_INCREMENT,
  `group_id` int(11) NOT NULL,
  `permission_id` int(11) NOT NULL,
  PRIMARY KEY (`id`),
  UNIQUE KEY `auth_group_permissions_group_id_permission_id_0cd325b0_uniq` (`group_id`,`permission_id`),
  KEY `auth_group_permissio_permission_id_84c5c92e_fk_auth_perm` (`permission_id`),
  CONSTRAINT `auth_group_permissio_permission_id_84c5c92e_fk_auth_perm` FOREIGN KEY (`permission_id`) REFERENCES `auth_permission` (`id`),
  CONSTRAINT `auth_group_permissions_group_id_b120cbf9_fk_auth_group_id` FOREIGN KEY (`group_id`) REFERENCES `auth_group` (`id`)
) ENGINE=InnoDB DEFAULT CHARSET=utf8;
/*!40101 SET character_set_client = @saved_cs_client */;

--
-- Dumping data for table `auth_group_permissions`
--

LOCK TABLES `auth_group_permissions` WRITE;
/*!40000 ALTER TABLE `auth_group_permissions` DISABLE KEYS */;
/*!40000 ALTER TABLE `auth_group_permissions` ENABLE KEYS */;
UNLOCK TABLES;

--
-- Table structure for table `auth_permission`
--

DROP TABLE IF EXISTS `auth_permission`;
/*!40101 SET @saved_cs_client     = @@character_set_client */;
/*!40101 SET character_set_client = utf8 */;
CREATE TABLE `auth_permission` (
  `id` int(11) NOT NULL AUTO_INCREMENT,
  `name` varchar(255) NOT NULL,
  `content_type_id` int(11) NOT NULL,
  `codename` varchar(100) NOT NULL,
  PRIMARY KEY (`id`),
  UNIQUE KEY `auth_permission_content_type_id_codename_01ab375a_uniq` (`content_type_id`,`codename`),
  CONSTRAINT `auth_permission_content_type_id_2f476e4b_fk_django_co` FOREIGN KEY (`content_type_id`) REFERENCES `django_content_type` (`id`)
) ENGINE=InnoDB AUTO_INCREMENT=70 DEFAULT CHARSET=utf8;
/*!40101 SET character_set_client = @saved_cs_client */;

--
-- Dumping data for table `auth_permission`
--

LOCK TABLES `auth_permission` WRITE;
/*!40000 ALTER TABLE `auth_permission` DISABLE KEYS */;
INSERT INTO `auth_permission` VALUES (1,'Can add log entry',1,'add_logentry'),(2,'Can change log entry',1,'change_logentry'),(3,'Can delete log entry',1,'delete_logentry'),(4,'Can add group',2,'add_group'),(5,'Can change group',2,'change_group'),(6,'Can delete group',2,'delete_group'),(7,'Can add permission',3,'add_permission'),(8,'Can change permission',3,'change_permission'),(9,'Can delete permission',3,'delete_permission'),(10,'Can add content type',4,'add_contenttype'),(11,'Can change content type',4,'change_contenttype'),(12,'Can delete content type',4,'delete_contenttype'),(13,'Can add session',5,'add_session'),(14,'Can change session',5,'change_session'),(15,'Can delete session',5,'delete_session'),(16,'Can add 用户',6,'add_user'),(17,'Can change 用户',6,'change_user'),(18,'Can delete 用户',6,'delete_user'),(19,'Can add 邮箱验证',7,'add_emailverify'),(20,'Can change 邮箱验证',7,'change_emailverify'),(21,'Can delete 邮箱验证',7,'delete_emailverify'),(22,'Can add 车辆信息',8,'add_car'),(23,'Can change 车辆信息',8,'change_car'),(24,'Can delete 车辆信息',8,'delete_car'),(25,'Can add 车辆专区',9,'add_carspecialarea'),(26,'Can change 车辆专区',9,'change_carspecialarea'),(27,'Can delete 车辆专区',9,'delete_carspecialarea'),(28,'Can add 车辆品牌',10,'add_carbrand'),(29,'Can change 车辆品牌',10,'change_carbrand'),(30,'Can delete 车辆品牌',10,'delete_carbrand'),(31,'Can add 预约单',11,'add_resevationlist'),(32,'Can change 预约单',11,'change_resevationlist'),(33,'Can delete 预约单',11,'delete_resevationlist'),(34,'Can add 车辆类型',12,'add_cartype'),(35,'Can change 车辆类型',12,'change_cartype'),(36,'Can delete 车辆类型',12,'delete_cartype'),(37,'Can add 车辆图片',13,'add_carimage'),(38,'Can change 车辆图片',13,'change_carimage'),(39,'Can delete 车辆图片',13,'delete_carimage'),(40,'Can add 导入车辆类型品牌专区',14,'add_importdatafro'),(41,'Can change 导入车辆类型品牌专区',14,'change_importdatafro'),(42,'Can delete 导入车辆类型品牌专区',14,'delete_importdatafro'),(43,'Can add 导入车辆数据',15,'add_importdata'),(44,'Can change 导入车辆数据',15,'change_importdata'),(45,'Can delete 导入车辆数据',15,'delete_importdata'),(46,'Can add 收藏夹',16,'add_favorite'),(47,'Can change 收藏夹',16,'change_favorite'),(48,'Can delete 收藏夹',16,'delete_favorite'),(49,'Can add 导入车辆详细图片',17,'add_importdataimages'),(50,'Can change 导入车辆详细图片',17,'change_importdataimages'),(51,'Can delete 导入车辆详细图片',17,'delete_importdataimages'),(52,'Can add carousel',18,'add_carousel'),(53,'Can change carousel',18,'change_carousel'),(54,'Can delete carousel',18,'delete_carousel'),(55,'Can add notice',19,'add_notice'),(56,'Can change notice',19,'change_notice'),(57,'Can delete notice',19,'delete_notice'),(58,'Can add 分期价格管理',20,'add_carprice'),(59,'Can change 分期价格管理',20,'change_carprice'),(60,'Can delete 分期价格管理',20,'delete_carprice'),(61,'Can add pay record',21,'add_payrecord'),(62,'Can change pay record',21,'change_payrecord'),(63,'Can delete pay record',21,'delete_payrecord'),(64,'Can add account record',22,'add_accountrecord'),(65,'Can change account record',22,'change_accountrecord'),(66,'Can delete account record',22,'delete_accountrecord'),(67,'Can add user account',23,'add_useraccount'),(68,'Can change user account',23,'change_useraccount'),(69,'Can delete user account',23,'delete_useraccount');
/*!40000 ALTER TABLE `auth_permission` ENABLE KEYS */;
UNLOCK TABLES;

--
-- Table structure for table `authen_emailverify`
--

DROP TABLE IF EXISTS `authen_emailverify`;
/*!40101 SET @saved_cs_client     = @@character_set_client */;
/*!40101 SET character_set_client = utf8 */;
CREATE TABLE `authen_emailverify` (
  `id` int(11) NOT NULL AUTO_INCREMENT,
  `code` varchar(100) NOT NULL,
  `s_type` varchar(4) NOT NULL,
  `s_time` datetime(6) NOT NULL,
  `user_id` varchar(254) NOT NULL,
  PRIMARY KEY (`id`),
  UNIQUE KEY `user_id` (`user_id`),
  CONSTRAINT `authen_emailverify_user_id_a68397c1_fk_authen_user_email` FOREIGN KEY (`user_id`) REFERENCES `authen_user` (`email`)
) ENGINE=InnoDB AUTO_INCREMENT=22 DEFAULT CHARSET=utf8;
/*!40101 SET character_set_client = @saved_cs_client */;

--
-- Dumping data for table `authen_emailverify`
--

LOCK TABLES `authen_emailverify` WRITE;
/*!40000 ALTER TABLE `authen_emailverify` DISABLE KEYS */;
/*!40000 ALTER TABLE `authen_emailverify` ENABLE KEYS */;
UNLOCK TABLES;

--
-- Table structure for table `authen_user`
--

DROP TABLE IF EXISTS `authen_user`;
/*!40101 SET @saved_cs_client     = @@character_set_client */;
/*!40101 SET character_set_client = utf8 */;
CREATE TABLE `authen_user` (
  `id` int(11) NOT NULL AUTO_INCREMENT,
  `password` varchar(128) NOT NULL,
  `last_login` datetime(6) DEFAULT NULL,
  `is_superuser` tinyint(1) NOT NULL,
  `username` varchar(150) NOT NULL,
  `first_name` varchar(30) NOT NULL,
  `last_name` varchar(30) NOT NULL,
  `is_staff` tinyint(1) NOT NULL,
  `is_active` tinyint(1) NOT NULL,
  `date_joined` datetime(6) NOT NULL,
  `email` varchar(254) NOT NULL,
  `user_active` tinyint(1) NOT NULL,
  `image` varchar(100) NOT NULL,
  PRIMARY KEY (`id`),
  UNIQUE KEY `username` (`username`),
  UNIQUE KEY `email` (`email`)
) ENGINE=InnoDB AUTO_INCREMENT=26 DEFAULT CHARSET=utf8;
/*!40101 SET character_set_client = @saved_cs_client */;

--
-- Dumping data for table `authen_user`
--

LOCK TABLES `authen_user` WRITE;
/*!40000 ALTER TABLE `authen_user` DISABLE KEYS */;
INSERT INTO `authen_user` VALUES (1,'pbkdf2_sha256$36000$xNciuRDi611a$fTaRz7zlbmwP9meO28EjO8x4xVN+nPrgvlEPROzJkSs=','2018-07-13 01:20:55.019600',1,'liu','','',1,1,'2018-07-06 03:26:49.015000','111@111.com',0,'static1/upload/usericon/1.png'),(19,'pbkdf2_sha256$36000$D6mSr9mHDlys$3K0nZla//IpswTU1qT1fmp3jaZoI/9lRkw4ZoFJTj7I=','2018-07-13 01:51:52.879863',0,'xjl','','',0,1,'2018-07-12 08:23:16.566256','1309843415@qq.com',1,'static1/upload/usericon/19.jpg'),(22,'pbkdf2_sha256$36000$OYxZ8VFVP96T$4a2TyNv0Xkovfk6mvik2vezL0QQVQt6DKqfBbiy22/E=','2018-07-13 02:11:02.707630',0,'rsf','','',0,1,'2018-07-12 13:14:13.140715','2949663413@qq.com',1,'static/user/images/default.png'),(23,'pbkdf2_sha256$36000$hkw1FEQgqUGq$xHMr+LkP2NgOyrZqYOWJaR/vZOgKYZxIAdB80EXYPRk=','2018-07-13 06:50:50.349828',0,'yuesp','','',0,1,'2018-07-12 17:45:50.665880','qcsunlight@163.com',1,'static1/upload/usericon/23.png'),(24,'pbkdf2_sha256$36000$xsDcpwHH9npU$nV4chG/5eVH2IiGYYxQa0PXqdyTr7go9R3TWXhPkQi0=','2018-07-13 01:54:42.567569',0,'yhf','','',0,1,'2018-07-13 00:04:46.675305','1915884031@qq.com',1,'static/user/images/default.png'),(25,'pbkdf2_sha256$36000$Sk2mbjkag1nf$y4KGyf+fZqO4AB8MJNUV88DWu6LBfuoKjfOMNYtMcBU=','2018-07-13 01:18:42.375013',0,'zhangsan','','',0,1,'2018-07-13 01:17:25.475614','13720735802@163.com',1,'static/user/images/default.png');
/*!40000 ALTER TABLE `authen_user` ENABLE KEYS */;
UNLOCK TABLES;

--
-- Table structure for table `authen_user_groups`
--

DROP TABLE IF EXISTS `authen_user_groups`;
/*!40101 SET @saved_cs_client     = @@character_set_client */;
/*!40101 SET character_set_client = utf8 */;
CREATE TABLE `authen_user_groups` (
  `id` int(11) NOT NULL AUTO_INCREMENT,
  `user_id` int(11) NOT NULL,
  `group_id` int(11) NOT NULL,
  PRIMARY KEY (`id`),
  UNIQUE KEY `authen_user_groups_user_id_group_id_162fc86d_uniq` (`user_id`,`group_id`),
  KEY `authen_user_groups_group_id_bc335d58_fk_auth_group_id` (`group_id`),
  CONSTRAINT `authen_user_groups_group_id_bc335d58_fk_auth_group_id` FOREIGN KEY (`group_id`) REFERENCES `auth_group` (`id`),
  CONSTRAINT `authen_user_groups_user_id_3b4ee906_fk_authen_user_id` FOREIGN KEY (`user_id`) REFERENCES `authen_user` (`id`)
) ENGINE=InnoDB DEFAULT CHARSET=utf8;
/*!40101 SET character_set_client = @saved_cs_client */;

--
-- Dumping data for table `authen_user_groups`
--

LOCK TABLES `authen_user_groups` WRITE;
/*!40000 ALTER TABLE `authen_user_groups` DISABLE KEYS */;
/*!40000 ALTER TABLE `authen_user_groups` ENABLE KEYS */;
UNLOCK TABLES;

--
-- Table structure for table `authen_user_user_permissions`
--

DROP TABLE IF EXISTS `authen_user_user_permissions`;
/*!40101 SET @saved_cs_client     = @@character_set_client */;
/*!40101 SET character_set_client = utf8 */;
CREATE TABLE `authen_user_user_permissions` (
  `id` int(11) NOT NULL AUTO_INCREMENT,
  `user_id` int(11) NOT NULL,
  `permission_id` int(11) NOT NULL,
  PRIMARY KEY (`id`),
  UNIQUE KEY `authen_user_user_permissions_user_id_permission_id_3834585a_uniq` (`user_id`,`permission_id`),
  KEY `authen_user_user_per_permission_id_eb0a78b8_fk_auth_perm` (`permission_id`),
  CONSTRAINT `authen_user_user_per_permission_id_eb0a78b8_fk_auth_perm` FOREIGN KEY (`permission_id`) REFERENCES `auth_permission` (`id`),
  CONSTRAINT `authen_user_user_permissions_user_id_766f6300_fk_authen_user_id` FOREIGN KEY (`user_id`) REFERENCES `authen_user` (`id`)
) ENGINE=InnoDB DEFAULT CHARSET=utf8;
/*!40101 SET character_set_client = @saved_cs_client */;

--
-- Dumping data for table `authen_user_user_permissions`
--

LOCK TABLES `authen_user_user_permissions` WRITE;
/*!40000 ALTER TABLE `authen_user_user_permissions` DISABLE KEYS */;
/*!40000 ALTER TABLE `authen_user_user_permissions` ENABLE KEYS */;
UNLOCK TABLES;

--
-- Table structure for table `car_car`
--

DROP TABLE IF EXISTS `car_car`;
/*!40101 SET @saved_cs_client     = @@character_set_client */;
/*!40101 SET character_set_client = utf8 */;
CREATE TABLE `car_car` (
  `id` int(11) NOT NULL AUTO_INCREMENT,
  `car_name` varchar(100) NOT NULL,
  `car_price` decimal(7,2) NOT NULL,
  `car_body_work` varchar(40) NOT NULL,
  `car_l_w_h` varchar(40) NOT NULL,
  `car_engine` varchar(40) NOT NULL,
  `car_gear_box` varchar(40) NOT NULL,
  `car_drive_way` varchar(40) NOT NULL,
  `car_fuel_type` varchar(20) NOT NULL,
  `car_oil_cons` varchar(20) NOT NULL,
  `car_color` varchar(220) NOT NULL,
  `car_href_pic` varchar(100) NOT NULL,
  `car_ld_pic` varchar(100) NOT NULL,
  `car_is_active` tinyint(1) NOT NULL,
  `car_brand_id` int(11) NOT NULL,
  `car_spec_area_id` int(11) DEFAULT NULL,
  `car_type_id` int(11) NOT NULL,
  PRIMARY KEY (`id`),
  KEY `car_car_car_brand_id_c54d9330_fk_car_carbrand_id` (`car_brand_id`),
  KEY `car_car_car_spec_area_id_dde113f5_fk_car_carspecialarea_id` (`car_spec_area_id`),
  KEY `car_car_car_type_id_606ca875_fk_car_cartype_id` (`car_type_id`),
  CONSTRAINT `car_car_car_brand_id_c54d9330_fk_car_carbrand_id` FOREIGN KEY (`car_brand_id`) REFERENCES `car_carbrand` (`id`),
  CONSTRAINT `car_car_car_spec_area_id_dde113f5_fk_car_carspecialarea_id` FOREIGN KEY (`car_spec_area_id`) REFERENCES `car_carspecialarea` (`id`),
  CONSTRAINT `car_car_car_type_id_606ca875_fk_car_cartype_id` FOREIGN KEY (`car_type_id`) REFERENCES `car_cartype` (`id`)
) ENGINE=InnoDB AUTO_INCREMENT=57 DEFAULT CHARSET=utf8;
/*!40101 SET character_set_client = @saved_cs_client */;

--
-- Dumping data for table `car_car`
--

LOCK TABLES `car_car` WRITE;
/*!40000 ALTER TABLE `car_car` DISABLE KEYS */;
INSERT INTO `car_car` VALUES (29,'2018款 名爵ZS 1.5L 自动豪华版',9.00,'5门5座SUV','4314/1809/1648mm','1.5L 120马力 L4','4挡自动','前置前驱','汽油','6.30L/100km(工信部)','外观雪山白+内饰黑色','static/cars/hrefs/2.jpg','static/cars/liangdian/2.png',1,13,9,9),(30,'2017款 福睿斯 1.5L 自动舒适型',10.00,'三厢车','4587/1825/1490mm','1.5L 113马力 L4','6挡手自一体','前置前驱','汽油','6.8L/100km(工信部)','外观典雅白+内饰浅色','static/cars/hrefs/3.jpg','static/cars/liangdian/3.png',1,14,9,9),(31,'2017款 君威 28T 尊享型',22.00,'4门5座三厢车','4902/1863/1461mm','2.0T 261马力 L4','9挡手自一体','前置前驱','汽油','7.40L/100km(工信部)','外观象牙白+内饰黑色+摩卡棕色','static/cars/hrefs/4.jpg','static/cars/liangdian/4.png',1,15,9,10),(32,'2018款 昂科威 28T 四驱精英型',26.00,'5门5座SUV','4667/1839/1695mm','2.0T 260马力 L4','9挡手自一体','前置四驱','汽油','8.60L/100km(工信部)','外观托帕石棕+内饰黑色','static/cars/hrefs/5.jpg','static/cars/liangdian/5.png',1,15,9,11),(33,'2017款 别克GL8 28T 尊享型',32.00,'5门7座MPV','5203/1878/1809mm','2.0T 260马力 L4','6挡手自一体','前置前驱','汽油','8.90L/100km(工信部)','外观珍珠白+内饰米色','static/cars/hrefs/6.jpg','static/cars/liangdian/6.png',1,15,9,12),(34,'2016款 雅阁 混动 2.0L 锐酷版',2.00,'三厢车','4915/1845/1470mm','2.0L 146马力 L4','E-CVT无级变速','前置前驱','油电混合','4.2L/100km(工信部)','外观奥夫特黑+内饰黑色','static/cars/hrefs/7.jpg','static/cars/liangdian/7.png',1,16,9,10),(35,'2017款 凌派 1.8L CVT舒适版',12.00,'4门5座三厢车','4664/1750/1505mm','1.8L 136马力 L4','CVT无级变速','前置前驱','汽油','6.3L/100km(工信部)','外观塔夫绸白+内饰黑色','static/cars/hrefs/8.jpg','static/cars/liangdian/8.png',1,16,9,9),(36,'2016款 雅阁 2.0L 舒适版',17.00,'三厢车','4915/1845/1470mm','2.0L 155马力 L4','CVT无级变速','前置前驱','汽油','7L/100km(工信部)','外观奥夫特黑+内饰黑色','static/cars/hrefs/9.jpg','static/cars/liangdian/9.png',1,16,7,10),(38,'2018款 奔驰C级 C 200 L 运动版 成就特别版',35.00,'4门5座三厢车','4783/1810/1442mm','2.0T 184马力 L4','9挡手自一体','前置后驱','汽油','6.30L/100km(工信部)','外观北极白+内饰黑色','static/cars/hrefs/11.jpg','static/cars/liangdian/11.png',1,17,7,10),(39,'2016款 POLO 1.4L 自动风尚型',8.00,'两厢车','3970/1682/1462mm','1.4L 90马力 L4','6挡自动','前置前驱','汽油','-L/100km(工信部)','外观白色+内饰黑色/外观风格红+内饰黑色','static/cars/hrefs/12.jpg','static/cars/liangdian/12.png',1,18,7,13),(41,'林肯大陆 2018款2.0T 两驱尊悦版',36.00,'4门5座三厢车','5020/1805/1480mm','2.0T 235马力 L4','8挡手自一体','前置后驱','汽油','7.40L/100km(工信部)','外观黑色+内饰黑色','static/cars/hrefs/14.jpg','static/cars/liangdian/14.png',1,19,7,15),(42,'2017款 MODEL S 75D 电动全景天窗',73.00,'5门5座掀背车','4979/1964/1445mm','-','-','双电机四驱','-','缺失','外观深海蓝·+内饰黑色','static/cars/hrefs/15.jpg','static/cars/liangdian/15.png',1,20,7,15),(43,'丰田皇冠2018款 2.0T 时尚版',32.00,'4门5座三厢车','5020/1805/1480mm','2.0T 235马力 L4','8挡手自一体','前置后驱','汽油','7.40L/100km(工信部)','外观黑色+内饰黑色','static/cars/hrefs/16.jpg','static/cars/liangdian/16.png',1,21,7,15),(44,'2018款 夏朗 380TSI 尊享型 7座',34.00,'5门7座MPV','4854/1904/1740mm','2.0T 220马力 L4','6挡双离合','前置前驱','汽油','7.90L/100km(工信部)','外观荒漠棕+内饰黑色','static/cars/hrefs/17.jpg','static/cars/liangdian/17.png',1,18,7,12),(46,'大众POLO2016款1.4L自动风尚型',0.00,'两厢车','3970/1682/1462mm','1.4L 90马力 L4','6挡自动','前置前驱','汽油','-L/100km(工信部)','外观白色+内饰黑色/外观风格红+内饰黑色','static/cars/hrefs/19.jpg','static/cars/liangdian/19.png',1,18,7,13),(47,'2017款 帕萨特 280TSI DSG尊荣版',21.00,'4门5座三厢车','4872/1834/1484mm','1.4T 150马力 L4','7挡双离合','前置前驱','汽油','5.8L/100km(工信部)','外观金黑+内饰黑色','static/cars/hrefs/20.jpg','static/cars/liangdian/20.png',1,18,7,16),(48,'捷豹XFL2018款3.0 SC 340ps 奢华版',68.00,'4门5座三厢车','5093/1880/1456mm','3.0T 340马力 V6','8挡手自一体','前置后驱','汽油','8.7L/100km(工信部)','外观罗塞洛红+内饰黑色','static/cars/hrefs/21.jpg','static/cars/liangdian/21.png',1,22,8,15),(49,'2015款 阳光 1.5XE CVT舒适版',8.00,'三厢车','4456/1696/1514mm','1.5L 112马力 L4','CVT无级变速','前置前驱','汽油','5.8L/100km(工信部)','外观钛空金+内饰浅色/外观珠光白+内饰深色','static/cars/hrefs/22.jpg','static/cars/liangdian/22.png',1,23,8,9),(50,'MG3 2017款 1.5L自动智联精英版',7.00,'5门5座两厢车','4055/1729/1521mm','1.5L 117马力 L4','四档手自一体','前置前驱','汽油','5.90L/100km(工信部)','外观雪山白+内饰黑色','static/cars/hrefs/23.jpg','static/cars/liangdian/23.png',1,13,8,13),(51,'2018款 锐腾 20T 自动豪华版',13.00,'5门5座SUV','4510/1855/1699mm','1.5T 169马力 L4','7挡双离合','前置前驱','汽油','6.60L/100km(工信部)','外观月星白+内饰黑色','static/cars/hrefs/24.jpg','static/cars/liangdian/24.png',1,13,8,11),(52,'沃尔沃 V60 2017款 2.0T T5智逸版',31.00,'5门5座旅行车','4635/1866/1484mm','2.0T 245马力 L4','8挡手自一体','前置前驱','汽油','6.3L/100km(工信部)','外观水晶白+内饰黑色','static/cars/hrefs/26.jpg','static/cars/liangdian/26.png',1,24,8,10),(53,'沃尔沃S60 2018款 T3 智进进取版',27.00,'4门5座三厢车','4715/1866/1481mm','1.5T 152马力 L4','6挡手自一体','前置前驱','汽油','5.90L/100km(工信部)','外观水晶白+内饰黑色','static/cars/hrefs/27.jpg','static/cars/liangdian/27.png',1,24,8,10),(54,'2018款 发现神行 240PS HSE版',46.00,'5门7座SUV','4599/1894/1724mm','2.0T 241马力 L4','9挡手自一体','前置四驱','汽油','缺失','外观富士白+内饰黑色','static/cars/hrefs/28.jpg','static/cars/liangdian/28.png',1,24,8,10),(55,'2018款 奔驰E级 改款 E 200 L',43.00,'4门5座三厢车','5065/1860/1467mm','2.0T 184马力 L4','9挡手自一体','前置后驱','汽油','6.90L/100km(工信部)','外观曜岩黑+内饰黑色/外观曜岩黑+内饰棕色','static/cars/hrefs/29.jpg','static/cars/liangdian/29.png',1,17,8,15),(56,'2018款 沃尔沃S90 2.0T T4 智远版',40.00,'4门5座三厢车','5083/1879/1450mm','2.0T 190马力 L4','8挡手自一体','前置前驱','汽油','6.90L/100km(工信部)','外观枫木棕+内饰黑色/外观玛瑙黑+内饰黑色','static/cars/hrefs/30.jpg','static/cars/liangdian/30.png',1,17,8,15);
/*!40000 ALTER TABLE `car_car` ENABLE KEYS */;
UNLOCK TABLES;

--
-- Table structure for table `car_carbrand`
--

DROP TABLE IF EXISTS `car_carbrand`;
/*!40101 SET @saved_cs_client     = @@character_set_client */;
/*!40101 SET character_set_client = utf8 */;
CREATE TABLE `car_carbrand` (
  `id` int(11) NOT NULL AUTO_INCREMENT,
  `barnd_name` varchar(50) NOT NULL,
  `barnd_desc` varchar(50) DEFAULT NULL,
  PRIMARY KEY (`id`)
) ENGINE=InnoDB AUTO_INCREMENT=25 DEFAULT CHARSET=utf8;
/*!40101 SET character_set_client = @saved_cs_client */;

--
-- Dumping data for table `car_carbrand`
--

LOCK TABLES `car_carbrand` WRITE;
/*!40000 ALTER TABLE `car_carbrand` DISABLE KEYS */;
INSERT INTO `car_carbrand` VALUES (13,'MG',NULL),(14,'福特',NULL),(15,'别克',NULL),(16,'本田',NULL),(17,'奔驰',NULL),(18,'大众',NULL),(19,'林肯',NULL),(20,'特斯拉',NULL),(21,'丰田',NULL),(22,'捷豹',NULL),(23,'日产',NULL),(24,'沃尔沃',NULL);
/*!40000 ALTER TABLE `car_carbrand` ENABLE KEYS */;
UNLOCK TABLES;

--
-- Table structure for table `car_carimage`
--

DROP TABLE IF EXISTS `car_carimage`;
/*!40101 SET @saved_cs_client     = @@character_set_client */;
/*!40101 SET character_set_client = utf8 */;
CREATE TABLE `car_carimage` (
  `id` int(11) NOT NULL AUTO_INCREMENT,
  `car_img` varchar(100) NOT NULL,
  `car_id` int(11) NOT NULL,
  PRIMARY KEY (`id`),
  KEY `car_carimage_car_id_da6e853f_fk_car_car_id` (`car_id`),
  CONSTRAINT `car_carimage_car_id_da6e853f_fk_car_car_id` FOREIGN KEY (`car_id`) REFERENCES `car_car` (`id`)
) ENGINE=InnoDB AUTO_INCREMENT=648 DEFAULT CHARSET=utf8;
/*!40101 SET character_set_client = @saved_cs_client */;

--
-- Dumping data for table `car_carimage`
--

LOCK TABLES `car_carimage` WRITE;
/*!40000 ALTER TABLE `car_carimage` DISABLE KEYS */;
INSERT INTO `car_carimage` VALUES (506,'static/cars/car_images/2 (1).jpg',29),(507,'static/cars/car_images/2 (2).jpg',29),(508,'static/cars/car_images/2 (3).jpg',29),(509,'static/cars/car_images/2 (4).jpg',29),(510,'static/cars/car_images/2 (5).jpg',29),(511,'static/cars/car_images/3 (1).jpg',30),(512,'static/cars/car_images/3 (2).jpg',30),(513,'static/cars/car_images/3 (3).jpg',30),(514,'static/cars/car_images/3 (4).jpg',30),(515,'static/cars/car_images/3 (5).jpg',30),(516,'static/cars/car_images/4 (1).jpg',31),(517,'static/cars/car_images/4 (2).jpg',31),(518,'static/cars/car_images/4 (3).jpg',31),(519,'static/cars/car_images/4 (4).jpg',31),(520,'static/cars/car_images/4 (5).jpg',31),(521,'static/cars/car_images/5 (1).jpg',32),(522,'static/cars/car_images/5 (2).jpg',32),(523,'static/cars/car_images/5 (3).jpg',32),(524,'static/cars/car_images/5 (4).jpg',32),(525,'static/cars/car_images/5 (5).jpg',32),(526,'static/cars/car_images/6 (1).jpg',33),(527,'static/cars/car_images/6 (2).jpg',33),(528,'static/cars/car_images/6 (3).jpg',33),(529,'static/cars/car_images/6 (4).jpg',33),(530,'static/cars/car_images/6 (5).jpg',33),(531,'static/cars/car_images/7 (1).jpg',34),(532,'static/cars/car_images/7 (2).jpg',34),(533,'static/cars/car_images/7 (3).jpg',34),(534,'static/cars/car_images/7 (4).jpg',34),(535,'static/cars/car_images/7 (5).jpg',34),(536,'static/cars/car_images/8 (1).jpg',35),(537,'static/cars/car_images/8 (2).jpg',35),(538,'static/cars/car_images/8 (3).jpg',35),(539,'static/cars/car_images/8 (4).jpg',35),(540,'static/cars/car_images/8 (5).jpg',35),(541,'static/cars/car_images/9 (1).jpg',36),(542,'static/cars/car_images/9 (2).jpg',36),(548,'static/cars/car_images/11 (1).jpg',38),(549,'static/cars/car_images/11 (2).jpg',38),(550,'static/cars/car_images/11 (3).jpg',38),(551,'static/cars/car_images/11 (4).jpg',38),(552,'static/cars/car_images/11 (5).jpg',38),(553,'static/cars/car_images/12 (1).jpg',39),(554,'static/cars/car_images/12 (2).jpg',39),(555,'static/cars/car_images/12 (3).jpg',39),(556,'static/cars/car_images/12 (4).jpg',39),(557,'static/cars/car_images/12 (5).jpg',39),(563,'static/cars/car_images/14 (1).jpg',41),(564,'static/cars/car_images/14 (2).jpg',41),(565,'static/cars/car_images/14 (3).jpg',41),(566,'static/cars/car_images/14 (4).jpg',41),(567,'static/cars/car_images/14 (5).jpg',41),(568,'static/cars/car_images/15 (1).jpg',42),(569,'static/cars/car_images/15 (2).jpg',42),(570,'static/cars/car_images/15 (3).jpg',42),(571,'static/cars/car_images/15 (4).jpg',42),(572,'static/cars/car_images/15 (5).jpg',42),(573,'static/cars/car_images/16 (1).jpg',43),(574,'static/cars/car_images/16 (2).jpg',43),(575,'static/cars/car_images/16 (3).jpg',43),(576,'static/cars/car_images/16 (4).jpg',43),(577,'static/cars/car_images/16 (5).jpg',43),(578,'static/cars/car_images/17 (1).jpg',44),(579,'static/cars/car_images/17 (2).jpg',44),(580,'static/cars/car_images/17 (3).jpg',44),(581,'static/cars/car_images/17 (4).jpg',44),(582,'static/cars/car_images/17 (5).jpg',44),(588,'static/cars/car_images/19 (1).jpg',46),(589,'static/cars/car_images/19 (2).jpg',46),(590,'static/cars/car_images/19 (3).jpg',46),(591,'static/cars/car_images/19 (4).jpg',46),(592,'static/cars/car_images/19 (5).jpg',46),(593,'static/cars/car_images/20 (1).jpg',47),(594,'static/cars/car_images/20 (2).jpg',47),(595,'static/cars/car_images/20 (3).jpg',47),(596,'static/cars/car_images/20 (4).jpg',47),(597,'static/cars/car_images/20 (5).jpg',47),(598,'static/cars/car_images/21 (1).jpg',48),(599,'static/cars/car_images/21 (2).jpg',48),(600,'static/cars/car_images/21 (3).jpg',48),(601,'static/cars/car_images/21 (4).jpg',48),(602,'static/cars/car_images/21 (5).jpg',48),(603,'static/cars/car_images/22 (1).jpg',49),(604,'static/cars/car_images/22 (2).jpg',49),(605,'static/cars/car_images/22 (3).jpg',49),(606,'static/cars/car_images/22 (4).jpg',49),(607,'static/cars/car_images/22 (5).jpg',49),(608,'static/cars/car_images/23 (1).jpg',50),(609,'static/cars/car_images/23 (2).jpg',50),(610,'static/cars/car_images/23 (3).jpg',50),(611,'static/cars/car_images/23 (4).jpg',50),(612,'static/cars/car_images/23 (5).jpg',50),(613,'static/cars/car_images/24 (1).jpg',51),(614,'static/cars/car_images/24 (2).jpg',51),(615,'static/cars/car_images/24 (3).jpg',51),(616,'static/cars/car_images/24 (4).jpg',51),(617,'static/cars/car_images/24 (5).jpg',51),(618,'static/cars/car_images/25 (1).jpg',29),(619,'static/cars/car_images/25 (2).jpg',29),(620,'static/cars/car_images/25 (3).jpg',29),(621,'static/cars/car_images/25 (4).jpg',29),(622,'static/cars/car_images/25 (5).jpg',29),(623,'static/cars/car_images/26 (1).jpg',52),(624,'static/cars/car_images/26 (2).jpg',52),(625,'static/cars/car_images/26 (3).jpg',52),(626,'static/cars/car_images/26 (4).jpg',52),(627,'static/cars/car_images/26 (5).jpg',52),(628,'static/cars/car_images/27 (1).jpg',53),(629,'static/cars/car_images/27 (2).jpg',53),(630,'static/cars/car_images/27 (3).jpg',53),(631,'static/cars/car_images/27 (4).jpg',53),(632,'static/cars/car_images/27 (5).jpg',53),(633,'static/cars/car_images/28 (1).jpg',54),(634,'static/cars/car_images/28 (2).jpg',54),(635,'static/cars/car_images/28 (3).jpg',54),(636,'static/cars/car_images/28 (4).jpg',54),(637,'static/cars/car_images/28 (5).jpg',54),(638,'static/cars/car_images/29 (1).jpg',55),(639,'static/cars/car_images/29 (2).jpg',55),(640,'static/cars/car_images/29 (3).jpg',55),(641,'static/cars/car_images/29 (4).jpg',55),(642,'static/cars/car_images/29 (5).jpg',55),(643,'static/cars/car_images/30 (1).jpg',56),(644,'static/cars/car_images/30 (2).jpg',56),(645,'static/cars/car_images/30 (3).jpg',56),(646,'static/cars/car_images/30 (4).jpg',56),(647,'static/cars/car_images/30 (5).jpg',56);
/*!40000 ALTER TABLE `car_carimage` ENABLE KEYS */;
UNLOCK TABLES;

--
-- Table structure for table `car_carousel`
--

DROP TABLE IF EXISTS `car_carousel`;
/*!40101 SET @saved_cs_client     = @@character_set_client */;
/*!40101 SET character_set_client = utf8 */;
CREATE TABLE `car_carousel` (
  `id` int(11) NOT NULL AUTO_INCREMENT,
  `pic` varchar(100) NOT NULL,
  `intro1` varchar(200) NOT NULL,
  `intro2` varchar(200) NOT NULL,
  `is_use` tinyint(1) NOT NULL,
  PRIMARY KEY (`id`)
) ENGINE=InnoDB AUTO_INCREMENT=5 DEFAULT CHARSET=utf8;
/*!40101 SET character_set_client = @saved_cs_client */;

--
-- Dumping data for table `car_carousel`
--

LOCK TABLES `car_carousel` WRITE;
/*!40000 ALTER TABLE `car_carousel` DISABLE KEYS */;
INSERT INTO `car_carousel` VALUES (1,'static/carousels/slideshow-image1.jpg','属于您的私人订制','时间大浪淘沙 留下来的都是有价值的',0),(2,'static/carousels/slideshow-image2.jpg','领导时代  驾驭未来','实在 反而更难得我的感动偶尔与众不同无需潮流只要始终经典',1),(3,'static/carousels/slideshow-image3.jpg','王者装备  演绎传奇','纯轿车式的新豪华   纯四驱的超能力',1);
/*!40000 ALTER TABLE `car_carousel` ENABLE KEYS */;
UNLOCK TABLES;

--
-- Table structure for table `car_carprice`
--

DROP TABLE IF EXISTS `car_carprice`;
/*!40101 SET @saved_cs_client     = @@character_set_client */;
/*!40101 SET character_set_client = utf8 */;
CREATE TABLE `car_carprice` (
  `id` int(11) NOT NULL AUTO_INCREMENT,
  `shoufu` int(11) NOT NULL,
  `yuegong` int(11) NOT NULL,
  `qishu` int(11) NOT NULL,
  `weikuan` int(11) NOT NULL,
  `car_id` int(11) NOT NULL,
  PRIMARY KEY (`id`),
  UNIQUE KEY `car_id` (`car_id`),
  CONSTRAINT `car_carprice_car_id_796d0624_fk_car_car_id` FOREIGN KEY (`car_id`) REFERENCES `car_car` (`id`)
) ENGINE=InnoDB AUTO_INCREMENT=27 DEFAULT CHARSET=utf8;
/*!40101 SET character_set_client = @saved_cs_client */;

--
-- Dumping data for table `car_carprice`
--

LOCK TABLES `car_carprice` WRITE;
/*!40000 ALTER TABLE `car_carprice` DISABLE KEYS */;
INSERT INTO `car_carprice` VALUES (1,4900,3198,12,78700,29),(2,4920,3547,12,120000,30),(3,4920,3547,12,120000,31),(4,4920,3547,12,120000,32),(5,4920,3547,12,120000,33),(6,4920,3547,12,120000,34),(7,4920,3547,12,120000,35),(8,4920,3547,12,120000,36),(9,4920,3547,12,120000,38),(10,4920,3547,12,120000,39),(11,4920,3547,12,120000,41),(12,4920,3547,12,120000,43),(13,4920,3547,12,120000,42),(14,4920,3547,12,120000,44),(16,4920,3547,12,120000,46),(17,4920,3547,12,120000,47),(18,4920,3547,12,120000,48),(19,4920,3547,12,120000,49),(20,4920,3547,12,120000,50),(21,4920,3547,12,120000,51),(22,4920,3547,12,120000,52),(23,4920,3547,12,120000,53),(24,4920,3547,12,120000,54),(25,4920,3547,12,130000,55),(26,4920,3547,12,100000,56);
/*!40000 ALTER TABLE `car_carprice` ENABLE KEYS */;
UNLOCK TABLES;

--
-- Table structure for table `car_carspecialarea`
--

DROP TABLE IF EXISTS `car_carspecialarea`;
/*!40101 SET @saved_cs_client     = @@character_set_client */;
/*!40101 SET character_set_client = utf8 */;
CREATE TABLE `car_carspecialarea` (
  `id` int(11) NOT NULL AUTO_INCREMENT,
  `spec_area_name` varchar(50) NOT NULL,
  `spec_area_desc` varchar(100) DEFAULT NULL,
  PRIMARY KEY (`id`)
) ENGINE=InnoDB AUTO_INCREMENT=10 DEFAULT CHARSET=utf8;
/*!40101 SET character_set_client = @saved_cs_client */;

--
-- Dumping data for table `car_carspecialarea`
--

LOCK TABLES `car_carspecialarea` WRITE;
/*!40000 ALTER TABLE `car_carspecialarea` DISABLE KEYS */;
INSERT INTO `car_carspecialarea` VALUES (7,'热卖专区',NULL),(8,'最新车型',NULL),(9,'经典专区',NULL);
/*!40000 ALTER TABLE `car_carspecialarea` ENABLE KEYS */;
UNLOCK TABLES;

--
-- Table structure for table `car_cartype`
--

DROP TABLE IF EXISTS `car_cartype`;
/*!40101 SET @saved_cs_client     = @@character_set_client */;
/*!40101 SET character_set_client = utf8 */;
CREATE TABLE `car_cartype` (
  `id` int(11) NOT NULL AUTO_INCREMENT,
  `type_name` varchar(50) NOT NULL,
  `type_desc` varchar(50) DEFAULT NULL,
  PRIMARY KEY (`id`)
) ENGINE=InnoDB AUTO_INCREMENT=17 DEFAULT CHARSET=utf8;
/*!40101 SET character_set_client = @saved_cs_client */;

--
-- Dumping data for table `car_cartype`
--

LOCK TABLES `car_cartype` WRITE;
/*!40000 ALTER TABLE `car_cartype` DISABLE KEYS */;
INSERT INTO `car_cartype` VALUES (9,'紧凑型车',NULL),(10,'中型车',NULL),(11,'SUV',NULL),(12,'mpv',NULL),(13,'微小型车',NULL),(14,'跑车',NULL),(15,'中大型车',NULL),(16,'帕萨特',NULL);
/*!40000 ALTER TABLE `car_cartype` ENABLE KEYS */;
UNLOCK TABLES;

--
-- Table structure for table `car_favorite`
--

DROP TABLE IF EXISTS `car_favorite`;
/*!40101 SET @saved_cs_client     = @@character_set_client */;
/*!40101 SET character_set_client = utf8 */;
CREATE TABLE `car_favorite` (
  `id` int(11) NOT NULL AUTO_INCREMENT,
  `favorite_user_id` int(11) NOT NULL,
  PRIMARY KEY (`id`),
  UNIQUE KEY `favorite_user_id` (`favorite_user_id`),
  CONSTRAINT `car_favorite_favorite_user_id_8e1ef186_fk_authen_user_id` FOREIGN KEY (`favorite_user_id`) REFERENCES `authen_user` (`id`)
) ENGINE=InnoDB AUTO_INCREMENT=22 DEFAULT CHARSET=utf8;
/*!40101 SET character_set_client = @saved_cs_client */;

--
-- Dumping data for table `car_favorite`
--

LOCK TABLES `car_favorite` WRITE;
/*!40000 ALTER TABLE `car_favorite` DISABLE KEYS */;
INSERT INTO `car_favorite` VALUES (1,1),(15,19),(18,22),(19,23),(20,24),(21,25);
/*!40000 ALTER TABLE `car_favorite` ENABLE KEYS */;
UNLOCK TABLES;

--
-- Table structure for table `car_favorite_favorite_car`
--

DROP TABLE IF EXISTS `car_favorite_favorite_car`;
/*!40101 SET @saved_cs_client     = @@character_set_client */;
/*!40101 SET character_set_client = utf8 */;
CREATE TABLE `car_favorite_favorite_car` (
  `id` int(11) NOT NULL AUTO_INCREMENT,
  `favorite_id` int(11) NOT NULL,
  `car_id` int(11) NOT NULL,
  PRIMARY KEY (`id`),
  UNIQUE KEY `car_favorite_favorite_car_favorite_id_car_id_6074c7a7_uniq` (`favorite_id`,`car_id`),
  KEY `car_favorite_favorite_car_car_id_4ed243dd_fk_car_car_id` (`car_id`),
  CONSTRAINT `car_favorite_favorit_favorite_id_55e086ad_fk_car_favor` FOREIGN KEY (`favorite_id`) REFERENCES `car_favorite` (`id`),
  CONSTRAINT `car_favorite_favorite_car_car_id_4ed243dd_fk_car_car_id` FOREIGN KEY (`car_id`) REFERENCES `car_car` (`id`)
) ENGINE=InnoDB AUTO_INCREMENT=55 DEFAULT CHARSET=utf8;
/*!40101 SET character_set_client = @saved_cs_client */;

--
-- Dumping data for table `car_favorite_favorite_car`
--

LOCK TABLES `car_favorite_favorite_car` WRITE;
/*!40000 ALTER TABLE `car_favorite_favorite_car` DISABLE KEYS */;
INSERT INTO `car_favorite_favorite_car` VALUES (51,1,38),(43,1,51),(53,15,38),(54,19,51);
/*!40000 ALTER TABLE `car_favorite_favorite_car` ENABLE KEYS */;
UNLOCK TABLES;

--
-- Table structure for table `car_importdata`
--

DROP TABLE IF EXISTS `car_importdata`;
/*!40101 SET @saved_cs_client     = @@character_set_client */;
/*!40101 SET character_set_client = utf8 */;
CREATE TABLE `car_importdata` (
  `id` int(11) NOT NULL AUTO_INCREMENT,
  `file` varchar(100) NOT NULL,
  PRIMARY KEY (`id`)
) ENGINE=InnoDB AUTO_INCREMENT=3 DEFAULT CHARSET=utf8;
/*!40101 SET character_set_client = @saved_cs_client */;

--
-- Dumping data for table `car_importdata`
--

LOCK TABLES `car_importdata` WRITE;
/*!40000 ALTER TABLE `car_importdata` DISABLE KEYS */;
INSERT INTO `car_importdata` VALUES (2,'File/message_DsKpITC.xlsx');
/*!40000 ALTER TABLE `car_importdata` ENABLE KEYS */;
UNLOCK TABLES;

--
-- Table structure for table `car_importdatafro`
--

DROP TABLE IF EXISTS `car_importdatafro`;
/*!40101 SET @saved_cs_client     = @@character_set_client */;
/*!40101 SET character_set_client = utf8 */;
CREATE TABLE `car_importdatafro` (
  `id` int(11) NOT NULL AUTO_INCREMENT,
  `file` varchar(100) NOT NULL,
  PRIMARY KEY (`id`)
) ENGINE=InnoDB AUTO_INCREMENT=4 DEFAULT CHARSET=utf8;
/*!40101 SET character_set_client = @saved_cs_client */;

--
-- Dumping data for table `car_importdatafro`
--

LOCK TABLES `car_importdatafro` WRITE;
/*!40000 ALTER TABLE `car_importdatafro` DISABLE KEYS */;
INSERT INTO `car_importdatafro` VALUES (3,'File/cartype_1KYzRvu.xlsx');
/*!40000 ALTER TABLE `car_importdatafro` ENABLE KEYS */;
UNLOCK TABLES;

--
-- Table structure for table `car_importdataimages`
--

DROP TABLE IF EXISTS `car_importdataimages`;
/*!40101 SET @saved_cs_client     = @@character_set_client */;
/*!40101 SET character_set_client = utf8 */;
CREATE TABLE `car_importdataimages` (
  `id` int(11) NOT NULL AUTO_INCREMENT,
  `file` varchar(100) NOT NULL,
  PRIMARY KEY (`id`)
) ENGINE=InnoDB AUTO_INCREMENT=22 DEFAULT CHARSET=utf8;
/*!40101 SET character_set_client = @saved_cs_client */;

--
-- Dumping data for table `car_importdataimages`
--

LOCK TABLES `car_importdataimages` WRITE;
/*!40000 ALTER TABLE `car_importdataimages` DISABLE KEYS */;
INSERT INTO `car_importdataimages` VALUES (21,'File/images_Cyvou2p.xlsx');
/*!40000 ALTER TABLE `car_importdataimages` ENABLE KEYS */;
UNLOCK TABLES;

--
-- Table structure for table `car_resevationlist`
--

DROP TABLE IF EXISTS `car_resevationlist`;
/*!40101 SET @saved_cs_client     = @@character_set_client */;
/*!40101 SET character_set_client = utf8 */;
CREATE TABLE `car_resevationlist` (
  `id` int(11) NOT NULL AUTO_INCREMENT,
  `resevation_list_name` varchar(50) NOT NULL,
  `a_user_name` varchar(50) NOT NULL,
  `a_user_telephone` varchar(20) NOT NULL,
  `sale_name` varchar(50) NOT NULL,
  `sale_telephone` varchar(20) NOT NULL,
  `meet_place` varchar(100) NOT NULL,
  `meet_time` date NOT NULL,
  `resevation_car_id` int(11) NOT NULL,
  `resevation_is_active` tinyint(1) NOT NULL,
  `resevation_time` datetime(6) NOT NULL,
  `resevation_uname_id` int(11) DEFAULT NULL,
  PRIMARY KEY (`id`),
  KEY `car_resevationlist_resevation_car_id_2738f113_fk_car_car_id` (`resevation_car_id`),
  KEY `car_resevationlist_resevation_uname_id_196dde28_fk_authen_us` (`resevation_uname_id`),
  CONSTRAINT `car_resevationlist_resevation_car_id_2738f113_fk_car_car_id` FOREIGN KEY (`resevation_car_id`) REFERENCES `car_car` (`id`),
  CONSTRAINT `car_resevationlist_resevation_uname_id_196dde28_fk_authen_us` FOREIGN KEY (`resevation_uname_id`) REFERENCES `authen_user` (`id`)
) ENGINE=InnoDB AUTO_INCREMENT=17 DEFAULT CHARSET=utf8;
/*!40101 SET character_set_client = @saved_cs_client */;

--
-- Dumping data for table `car_resevationlist`
--

LOCK TABLES `car_resevationlist` WRITE;
/*!40000 ALTER TABLE `car_resevationlist` DISABLE KEYS */;
INSERT INTO `car_resevationlist` VALUES (11,'别克预约单','许江龙','18821658895','余航飞','1882165781','杨凌五台山','2018-07-28',38,1,'2018-07-12 15:28:49.542659',19),(12,'SUV','许江龙和','18821657789','余航飞','1882165781','杨凌五台山','2018-07-31',42,0,'2018-07-13 00:01:07.937794',19),(13,'SUV','许江龙','8888888','余航飞','1882165781','杨凌五台山','2018-07-28',38,1,'2018-07-13 00:03:57.249478',19),(14,'奔驰','许江龙','18821657781','余航飞','1882165781','杨凌五台山','2018-07-28',41,1,'2018-07-13 00:17:37.856414',19),(15,'别克','xjl','88888888','余航飞','1882165781','杨凌五台山','2018-07-28',51,1,'2018-07-13 01:35:03.294118',19),(16,'df','dsf','dfsdfs','余航飞','1882165781','fds','2018-07-28',51,0,'2018-07-13 06:52:13.826602',23);
/*!40000 ALTER TABLE `car_resevationlist` ENABLE KEYS */;
UNLOCK TABLES;

--
-- Table structure for table `django_admin_log`
--

DROP TABLE IF EXISTS `django_admin_log`;
/*!40101 SET @saved_cs_client     = @@character_set_client */;
/*!40101 SET character_set_client = utf8 */;
CREATE TABLE `django_admin_log` (
  `id` int(11) NOT NULL AUTO_INCREMENT,
  `action_time` datetime(6) NOT NULL,
  `object_id` longtext,
  `object_repr` varchar(200) NOT NULL,
  `action_flag` smallint(5) unsigned NOT NULL,
  `change_message` longtext NOT NULL,
  `content_type_id` int(11) DEFAULT NULL,
  `user_id` int(11) NOT NULL,
  PRIMARY KEY (`id`),
  KEY `django_admin_log_content_type_id_c4bce8eb_fk_django_co` (`content_type_id`),
  KEY `django_admin_log_user_id_c564eba6_fk_authen_user_id` (`user_id`),
  CONSTRAINT `django_admin_log_content_type_id_c4bce8eb_fk_django_co` FOREIGN KEY (`content_type_id`) REFERENCES `django_content_type` (`id`),
  CONSTRAINT `django_admin_log_user_id_c564eba6_fk_authen_user_id` FOREIGN KEY (`user_id`) REFERENCES `authen_user` (`id`)
) ENGINE=InnoDB AUTO_INCREMENT=675 DEFAULT CHARSET=utf8;
/*!40101 SET character_set_client = @saved_cs_client */;

--
-- Dumping data for table `django_admin_log`
--

LOCK TABLES `django_admin_log` WRITE;
/*!40000 ALTER TABLE `django_admin_log` DISABLE KEYS */;
INSERT INTO `django_admin_log` VALUES (1,'2018-07-06 03:27:44.963266','1','File/cartype_o8kgoWz.xlsx',1,'[{\"added\": {}}]',14,1),(2,'2018-07-06 03:27:53.966478','1','File/message_EcImoye.xlsx',1,'[{\"added\": {}}]',15,1),(3,'2018-07-06 03:28:44.419449','1','liu',1,'[{\"added\": {}}]',16,1),(4,'2018-07-06 03:39:54.916809','1','liu',2,'[{\"changed\": {\"fields\": [\"favorite_car\"]}}]',16,1),(5,'2018-07-06 03:43:05.072517','12','福特Mustang 2017款2.3T性能版',3,'',8,1),(6,'2018-07-06 03:56:32.794200','1','2018款 名爵ZS 1.5L 自动豪华版',1,'[{\"added\": {}}]',13,1),(7,'2018-07-09 00:30:18.317843','4','yhf',2,'[{\"changed\": {\"fields\": [\"user_active\"]}}]',6,1),(8,'2018-07-09 01:09:50.842706','2','xia',2,'[{\"changed\": {\"fields\": [\"favorite_car\"]}}]',16,1),(9,'2018-07-09 01:15:20.630508','2','745345652@qq.com(注册)',2,'[]',7,1),(10,'2018-07-09 01:17:24.831339','2','745345652@qq.com(注册)',3,'',7,1),(11,'2018-07-09 01:18:28.868197','5','lwy',2,'[{\"changed\": {\"fields\": [\"user_active\"]}}]',6,1),(12,'2018-07-09 01:26:27.763110','5','lwy',3,'',6,1),(13,'2018-07-09 01:31:13.507174','6','lwy',3,'',6,1),(14,'2018-07-09 08:40:04.091117','2','2018款 名爵ZS 1.5L 自动豪华版',1,'[{\"added\": {}}]',13,1),(15,'2018-07-09 08:42:16.054069','2','2018款 名爵ZS 1.5L 自动豪华版',3,'',13,1),(16,'2018-07-09 08:42:16.059279','1','2018款 名爵ZS 1.5L 自动豪华版',3,'',13,1),(17,'2018-07-09 08:42:22.409456','3','2018款 名爵ZS 1.5L 自动豪华版',1,'[{\"added\": {}}]',13,1),(18,'2018-07-10 03:45:32.959722','2','北京',2,'[{\"changed\": {\"fields\": [\"resevation_is_active\"]}}]',11,1),(19,'2018-07-10 03:45:36.761228','1','北京',2,'[{\"changed\": {\"fields\": [\"resevation_is_active\"]}}]',11,1),(20,'2018-07-10 03:56:47.256950','4','2018款 名爵ZS 1.5L 自动豪华版',1,'[{\"added\": {}}]',13,1),(21,'2018-07-10 03:56:58.697694','5','2018款 名爵ZS 1.5L 自动豪华版',1,'[{\"added\": {}}]',13,1),(22,'2018-07-10 08:15:45.016821','5','2018款 名爵ZS 1.5L 自动豪华版',3,'',13,1),(23,'2018-07-10 08:15:45.106200','4','2018款 名爵ZS 1.5L 自动豪华版',3,'',13,1),(24,'2018-07-10 08:16:36.916020','6','2018款 名爵ZS 1.5L 自动豪华版',1,'[{\"added\": {}}]',13,1),(25,'2018-07-10 08:41:08.545692','12','沃尔沃',3,'',10,1),(26,'2018-07-10 08:41:08.555057','11','日产',3,'',10,1),(27,'2018-07-10 08:41:08.564343','10','捷豹',3,'',10,1),(28,'2018-07-10 08:41:08.567862','9','丰田',3,'',10,1),(29,'2018-07-10 08:41:08.571814','8','特斯拉',3,'',10,1),(30,'2018-07-10 08:41:08.573905','7','林肯',3,'',10,1),(31,'2018-07-10 08:41:08.576856','6','大众',3,'',10,1),(32,'2018-07-10 08:41:08.579792','5','奔驰',3,'',10,1),(33,'2018-07-10 08:41:08.581969','4','本田',3,'',10,1),(34,'2018-07-10 08:41:08.585296','3','别克',3,'',10,1),(35,'2018-07-10 08:41:08.596107','2','福特',3,'',10,1),(36,'2018-07-10 08:41:08.599503','1','MG',3,'',10,1),(37,'2018-07-10 08:41:16.122076','3','最新车型',3,'',9,1),(38,'2018-07-10 08:41:16.133042','2','经典专区',3,'',9,1),(39,'2018-07-10 08:41:16.136131','1','热卖专区',3,'',9,1),(40,'2018-07-10 08:41:24.799892','8','帕萨特',3,'',12,1),(41,'2018-07-10 08:41:24.836905','7','中大型车',3,'',12,1),(42,'2018-07-10 08:41:24.841451','6','跑车',3,'',12,1),(43,'2018-07-10 08:41:24.846585','5','微小型车',3,'',12,1),(44,'2018-07-10 08:41:24.850573','4','mpv',3,'',12,1),(45,'2018-07-10 08:41:24.855180','3','SUV',3,'',12,1),(46,'2018-07-10 08:41:24.859949','2','中型车',3,'',12,1),(47,'2018-07-10 08:41:24.864047','1','紧凑型车',3,'',12,1),(48,'2018-07-10 08:41:34.331158','1','File/cartype_o8kgoWz.xlsx',3,'',14,1),(49,'2018-07-10 08:41:44.719897','2','File/cartype_eAnUfi7.xlsx',1,'[{\"added\": {}}]',14,1),(50,'2018-07-10 08:42:31.963050','6','经典',3,'',9,1),(51,'2018-07-10 08:42:32.000925','5','最新车型',3,'',9,1),(52,'2018-07-10 08:42:32.007781','4','热卖专区',3,'',9,1),(53,'2018-07-10 08:42:38.275248','2','File/cartype_eAnUfi7.xlsx',3,'',14,1),(54,'2018-07-10 08:42:43.606967','3','File/cartype_1KYzRvu.xlsx',1,'[{\"added\": {}}]',14,1),(55,'2018-07-10 08:42:57.323586','1','File/message_EcImoye.xlsx',3,'',15,1),(56,'2018-07-10 08:43:03.782356','2','File/message_DsKpITC.xlsx',1,'[{\"added\": {}}]',15,1),(57,'2018-07-10 08:50:21.701528','7','2018款 名爵ZS 1.5L 自动豪华版',1,'[{\"added\": {}}]',13,1),(58,'2018-07-10 08:55:07.127331','14','File/images_HeC6JOf.xlsx',1,'[{\"added\": {}}]',17,1),(59,'2018-07-10 08:56:47.757936','14','File/images_HeC6JOf.xlsx',3,'',17,1),(60,'2018-07-10 08:56:57.581137','15','File/images_d3f0HPP.xlsx',1,'[{\"added\": {}}]',17,1),(61,'2018-07-10 08:58:29.196307','15','File/images_d3f0HPP.xlsx',3,'',17,1),(62,'2018-07-10 08:59:48.463105','17','File/images_Rg7q1Lm.xlsx',1,'[{\"added\": {}}]',17,1),(63,'2018-07-10 09:01:48.866101','94','2018款 沃尔沃S90 2.0T T4 智远版',3,'',13,1),(64,'2018-07-10 09:01:48.869168','93','2018款 沃尔沃S90 2.0T T4 智远版',3,'',13,1),(65,'2018-07-10 09:01:48.872861','92','2018款 沃尔沃S90 2.0T T4 智远版',3,'',13,1),(66,'2018-07-10 09:01:48.875495','91','2018款 奔驰E级 改款 E 200 L',3,'',13,1),(67,'2018-07-10 09:01:48.877143','90','2018款 奔驰E级 改款 E 200 L',3,'',13,1),(68,'2018-07-10 09:01:48.879382','89','2018款 奔驰E级 改款 E 200 L',3,'',13,1),(69,'2018-07-10 09:01:48.880977','88','2018款 发现神行 240PS HSE版',3,'',13,1),(70,'2018-07-10 09:01:48.882886','87','2018款 发现神行 240PS HSE版',3,'',13,1),(71,'2018-07-10 09:01:48.884078','86','2018款 发现神行 240PS HSE版',3,'',13,1),(72,'2018-07-10 09:01:48.885202','85','沃尔沃S60 2018款 T3 智进进取版',3,'',13,1),(73,'2018-07-10 09:01:48.887031','84','沃尔沃S60 2018款 T3 智进进取版',3,'',13,1),(74,'2018-07-10 09:01:48.907849','83','沃尔沃S60 2018款 T3 智进进取版',3,'',13,1),(75,'2018-07-10 09:01:48.909599','82','沃尔沃 V60 2017款 2.0T T5智逸版',3,'',13,1),(76,'2018-07-10 09:01:48.911890','81','沃尔沃 V60 2017款 2.0T T5智逸版',3,'',13,1),(77,'2018-07-10 09:01:48.913981','80','沃尔沃 V60 2017款 2.0T T5智逸版',3,'',13,1),(78,'2018-07-10 09:01:48.916334','79','2018款 名爵ZS 1.5L 自动豪华版',3,'',13,1),(79,'2018-07-10 09:01:48.917575','78','2018款 名爵ZS 1.5L 自动豪华版',3,'',13,1),(80,'2018-07-10 09:01:48.919336','77','2018款 名爵ZS 1.5L 自动豪华版',3,'',13,1),(81,'2018-07-10 09:01:48.920823','76','2018款 锐腾 20T 自动豪华版',3,'',13,1),(82,'2018-07-10 09:01:48.931802','75','2018款 锐腾 20T 自动豪华版',3,'',13,1),(83,'2018-07-10 09:01:48.933223','74','2018款 锐腾 20T 自动豪华版',3,'',13,1),(84,'2018-07-10 09:01:48.935107','73','MG3 2017款 1.5L自动智联精英版',3,'',13,1),(85,'2018-07-10 09:01:48.937212','72','MG3 2017款 1.5L自动智联精英版',3,'',13,1),(86,'2018-07-10 09:01:48.939876','71','MG3 2017款 1.5L自动智联精英版',3,'',13,1),(87,'2018-07-10 09:01:48.941367','70','2015款 阳光 1.5XE CVT舒适版',3,'',13,1),(88,'2018-07-10 09:01:48.943436','69','2015款 阳光 1.5XE CVT舒适版',3,'',13,1),(89,'2018-07-10 09:01:48.944669','68','2015款 阳光 1.5XE CVT舒适版',3,'',13,1),(90,'2018-07-10 09:01:48.946918','67','捷豹XFL2018款3.0 SC 340ps 奢华版',3,'',13,1),(91,'2018-07-10 09:01:48.948907','66','捷豹XFL2018款3.0 SC 340ps 奢华版',3,'',13,1),(92,'2018-07-10 09:01:48.951270','65','捷豹XFL2018款3.0 SC 340ps 奢华版',3,'',13,1),(93,'2018-07-10 09:01:48.952578','64','2017款 帕萨特 280TSI DSG尊荣版',3,'',13,1),(94,'2018-07-10 09:01:48.953747','63','2017款 帕萨特 280TSI DSG尊荣版',3,'',13,1),(95,'2018-07-10 09:01:48.955408','62','2017款 帕萨特 280TSI DSG尊荣版',3,'',13,1),(96,'2018-07-10 09:01:48.956561','61','大众POLO2016款1.4L自动风尚型',3,'',13,1),(97,'2018-07-10 09:01:48.957811','60','大众POLO2016款1.4L自动风尚型',3,'',13,1),(98,'2018-07-10 09:01:48.959676','59','大众POLO2016款1.4L自动风尚型',3,'',13,1),(99,'2018-07-10 09:01:48.960902','58','2016款 途安L 280TSI 自动舒适版(7座版)',3,'',13,1),(100,'2018-07-10 09:01:48.962681','57','2016款 途安L 280TSI 自动舒适版(7座版)',3,'',13,1),(101,'2018-07-10 09:01:48.964199','56','2016款 途安L 280TSI 自动舒适版(7座版)',3,'',13,1),(102,'2018-07-10 09:01:48.972944','55','2018款 夏朗 380TSI 尊享型 7座',3,'',13,1),(103,'2018-07-10 09:01:48.979730','54','2018款 夏朗 380TSI 尊享型 7座',3,'',13,1),(104,'2018-07-10 09:01:48.981612','53','2018款 夏朗 380TSI 尊享型 7座',3,'',13,1),(105,'2018-07-10 09:01:48.983893','52','丰田皇冠2018款 2.0T 时尚版',3,'',13,1),(106,'2018-07-10 09:01:48.985461','51','丰田皇冠2018款 2.0T 时尚版',3,'',13,1),(107,'2018-07-10 09:01:48.987469','50','丰田皇冠2018款 2.0T 时尚版',3,'',13,1),(108,'2018-07-10 09:01:48.988896','49','2017款 MODEL S 75D 电动全景天窗',3,'',13,1),(109,'2018-07-10 09:01:48.990746','48','2017款 MODEL S 75D 电动全景天窗',3,'',13,1),(110,'2018-07-10 09:01:48.991996','47','2017款 MODEL S 75D 电动全景天窗',3,'',13,1),(111,'2018-07-10 09:01:48.993190','46','林肯大陆 2018款2.0T 两驱尊悦版',3,'',13,1),(112,'2018-07-10 09:01:48.995153','45','林肯大陆 2018款2.0T 两驱尊悦版',3,'',13,1),(113,'2018-07-10 09:01:48.996363','44','林肯大陆 2018款2.0T 两驱尊悦版',3,'',13,1),(114,'2018-07-10 09:01:48.997515','43','福特Mustang 2017款2.3T性能版',3,'',13,1),(115,'2018-07-10 09:01:48.999176','42','福特Mustang 2017款2.3T性能版',3,'',13,1),(116,'2018-07-10 09:01:49.000330','41','福特Mustang 2017款2.3T性能版',3,'',13,1),(117,'2018-07-10 09:01:49.001488','40','2016款 POLO 1.4L 自动风尚型',3,'',13,1),(118,'2018-07-10 09:01:49.003144','39','2016款 POLO 1.4L 自动风尚型',3,'',13,1),(119,'2018-07-10 09:01:49.004306','38','2016款 POLO 1.4L 自动风尚型',3,'',13,1),(120,'2018-07-10 09:01:49.005461','37','2018款 奔驰C级 C 200 L 运动版 成就特别版',3,'',13,1),(121,'2018-07-10 09:01:49.007582','36','2018款 奔驰C级 C 200 L 运动版 成就特别版',3,'',13,1),(122,'2018-07-10 09:01:49.009030','35','2018款 奔驰C级 C 200 L 运动版 成就特别版',3,'',13,1),(123,'2018-07-10 09:01:49.011031','34','2018款 奔驰GLA级 GLA 200 动感型',3,'',13,1),(124,'2018-07-10 09:01:49.012202','33','2018款 奔驰GLA级 GLA 200 动感型',3,'',13,1),(125,'2018-07-10 09:01:49.014566','32','2018款 奔驰GLA级 GLA 200 动感型',3,'',13,1),(126,'2018-07-10 09:01:49.022995','31','2016款 雅阁 2.0L 舒适版',3,'',13,1),(127,'2018-07-10 09:01:49.024712','30','2016款 雅阁 2.0L 舒适版',3,'',13,1),(128,'2018-07-10 09:01:49.026569','29','2016款 雅阁 2.0L 舒适版',3,'',13,1),(129,'2018-07-10 09:01:49.027766','28','2017款 凌派 1.8L CVT舒适版',3,'',13,1),(130,'2018-07-10 09:01:49.029014','27','2017款 凌派 1.8L CVT舒适版',3,'',13,1),(131,'2018-07-10 09:01:49.030832','26','2017款 凌派 1.8L CVT舒适版',3,'',13,1),(132,'2018-07-10 09:01:49.032407','25','2016款 雅阁 混动 2.0L 锐酷版',3,'',13,1),(133,'2018-07-10 09:01:49.043824','24','2016款 雅阁 混动 2.0L 锐酷版',3,'',13,1),(134,'2018-07-10 09:01:49.045326','23','2016款 雅阁 混动 2.0L 锐酷版',3,'',13,1),(135,'2018-07-10 09:01:49.047335','22','2017款 别克GL8 28T 尊享型',3,'',13,1),(136,'2018-07-10 09:01:49.049096','21','2017款 别克GL8 28T 尊享型',3,'',13,1),(137,'2018-07-10 09:01:49.059668','20','2017款 别克GL8 28T 尊享型',3,'',13,1),(138,'2018-07-10 09:01:49.061011','19','2018款 昂科威 28T 四驱精英型',3,'',13,1),(139,'2018-07-10 09:01:49.063174','18','2018款 昂科威 28T 四驱精英型',3,'',13,1),(140,'2018-07-10 09:01:49.064469','17','2018款 昂科威 28T 四驱精英型',3,'',13,1),(141,'2018-07-10 09:01:49.065624','16','2017款 君威 28T 尊享型',3,'',13,1),(142,'2018-07-10 09:01:49.067520','15','2017款 君威 28T 尊享型',3,'',13,1),(143,'2018-07-10 09:01:49.068661','14','2017款 君威 28T 尊享型',3,'',13,1),(144,'2018-07-10 09:01:49.070661','13','2017款 福睿斯 1.5L 自动舒适型',3,'',13,1),(145,'2018-07-10 09:01:49.071868','12','2017款 福睿斯 1.5L 自动舒适型',3,'',13,1),(146,'2018-07-10 09:01:49.109750','11','2017款 福睿斯 1.5L 自动舒适型',3,'',13,1),(147,'2018-07-10 09:01:49.116710','10','2018款 名爵ZS 1.5L 自动豪华版',3,'',13,1),(148,'2018-07-10 09:01:49.123693','9','2018款 名爵ZS 1.5L 自动豪华版',3,'',13,1),(149,'2018-07-10 09:01:49.157147','8','2018款 名爵ZS 1.5L 自动豪华版',3,'',13,1),(150,'2018-07-10 09:01:49.161132','7','2018款 名爵ZS 1.5L 自动豪华版',3,'',13,1),(151,'2018-07-10 09:01:57.326038','17','File/images_Rg7q1Lm.xlsx',3,'',17,1),(152,'2018-07-10 09:02:02.079569','18','File/images_U2gCXXJ.xlsx',1,'[{\"added\": {}}]',17,1),(153,'2018-07-10 09:03:30.233387','184','2018款 沃尔沃S90 2.0T T4 智远版',3,'',13,1),(154,'2018-07-10 09:03:30.236149','183','2018款 沃尔沃S90 2.0T T4 智远版',3,'',13,1),(155,'2018-07-10 09:03:30.237315','182','2018款 沃尔沃S90 2.0T T4 智远版',3,'',13,1),(156,'2018-07-10 09:03:30.238939','181','2018款 奔驰E级 改款 E 200 L',3,'',13,1),(157,'2018-07-10 09:03:30.240026','180','2018款 奔驰E级 改款 E 200 L',3,'',13,1),(158,'2018-07-10 09:03:30.241046','179','2018款 奔驰E级 改款 E 200 L',3,'',13,1),(159,'2018-07-10 09:03:30.242741','178','2018款 发现神行 240PS HSE版',3,'',13,1),(160,'2018-07-10 09:03:30.244067','177','2018款 发现神行 240PS HSE版',3,'',13,1),(161,'2018-07-10 09:03:30.245124','176','2018款 发现神行 240PS HSE版',3,'',13,1),(162,'2018-07-10 09:03:30.246788','175','沃尔沃S60 2018款 T3 智进进取版',3,'',13,1),(163,'2018-07-10 09:03:30.247772','174','沃尔沃S60 2018款 T3 智进进取版',3,'',13,1),(164,'2018-07-10 09:03:30.248724','173','沃尔沃S60 2018款 T3 智进进取版',3,'',13,1),(165,'2018-07-10 09:03:30.249679','172','沃尔沃 V60 2017款 2.0T T5智逸版',3,'',13,1),(166,'2018-07-10 09:03:30.251246','171','沃尔沃 V60 2017款 2.0T T5智逸版',3,'',13,1),(167,'2018-07-10 09:03:30.252209','170','沃尔沃 V60 2017款 2.0T T5智逸版',3,'',13,1),(168,'2018-07-10 09:03:30.253161','169','2018款 名爵ZS 1.5L 自动豪华版',3,'',13,1),(169,'2018-07-10 09:03:30.254827','168','2018款 名爵ZS 1.5L 自动豪华版',3,'',13,1),(170,'2018-07-10 09:03:30.256602','167','2018款 名爵ZS 1.5L 自动豪华版',3,'',13,1),(171,'2018-07-10 09:03:30.257540','166','2018款 锐腾 20T 自动豪华版',3,'',13,1),(172,'2018-07-10 09:03:30.258961','165','2018款 锐腾 20T 自动豪华版',3,'',13,1),(173,'2018-07-10 09:03:30.259969','164','2018款 锐腾 20T 自动豪华版',3,'',13,1),(174,'2018-07-10 09:03:30.260953','163','MG3 2017款 1.5L自动智联精英版',3,'',13,1),(175,'2018-07-10 09:03:30.280278','162','MG3 2017款 1.5L自动智联精英版',3,'',13,1),(176,'2018-07-10 09:03:30.292737','161','MG3 2017款 1.5L自动智联精英版',3,'',13,1),(177,'2018-07-10 09:03:30.296947','160','2015款 阳光 1.5XE CVT舒适版',3,'',13,1),(178,'2018-07-10 09:03:30.300973','159','2015款 阳光 1.5XE CVT舒适版',3,'',13,1),(179,'2018-07-10 09:03:30.304385','158','2015款 阳光 1.5XE CVT舒适版',3,'',13,1),(180,'2018-07-10 09:03:30.307817','157','捷豹XFL2018款3.0 SC 340ps 奢华版',3,'',13,1),(181,'2018-07-10 09:03:30.310106','156','捷豹XFL2018款3.0 SC 340ps 奢华版',3,'',13,1),(182,'2018-07-10 09:03:30.314347','155','捷豹XFL2018款3.0 SC 340ps 奢华版',3,'',13,1),(183,'2018-07-10 09:03:30.317717','154','2017款 帕萨特 280TSI DSG尊荣版',3,'',13,1),(184,'2018-07-10 09:03:30.320148','153','2017款 帕萨特 280TSI DSG尊荣版',3,'',13,1),(185,'2018-07-10 09:03:30.321594','152','2017款 帕萨特 280TSI DSG尊荣版',3,'',13,1),(186,'2018-07-10 09:03:30.323693','151','大众POLO2016款1.4L自动风尚型',3,'',13,1),(187,'2018-07-10 09:03:30.325204','150','大众POLO2016款1.4L自动风尚型',3,'',13,1),(188,'2018-07-10 09:03:30.327235','149','大众POLO2016款1.4L自动风尚型',3,'',13,1),(189,'2018-07-10 09:03:30.328744','148','2016款 途安L 280TSI 自动舒适版(7座版)',3,'',13,1),(190,'2018-07-10 09:03:30.330943','147','2016款 途安L 280TSI 自动舒适版(7座版)',3,'',13,1),(191,'2018-07-10 09:03:30.344965','146','2016款 途安L 280TSI 自动舒适版(7座版)',3,'',13,1),(192,'2018-07-10 09:03:30.348224','145','2018款 夏朗 380TSI 尊享型 7座',3,'',13,1),(193,'2018-07-10 09:03:30.349665','144','2018款 夏朗 380TSI 尊享型 7座',3,'',13,1),(194,'2018-07-10 09:03:30.383929','143','2018款 夏朗 380TSI 尊享型 7座',3,'',13,1),(195,'2018-07-10 09:03:30.385384','142','丰田皇冠2018款 2.0T 时尚版',3,'',13,1),(196,'2018-07-10 09:03:30.387351','141','丰田皇冠2018款 2.0T 时尚版',3,'',13,1),(197,'2018-07-10 09:03:30.388545','140','丰田皇冠2018款 2.0T 时尚版',3,'',13,1),(198,'2018-07-10 09:03:30.389714','139','2017款 MODEL S 75D 电动全景天窗',3,'',13,1),(199,'2018-07-10 09:03:30.391471','138','2017款 MODEL S 75D 电动全景天窗',3,'',13,1),(200,'2018-07-10 09:03:30.392666','137','2017款 MODEL S 75D 电动全景天窗',3,'',13,1),(201,'2018-07-10 09:03:30.394605','136','林肯大陆 2018款2.0T 两驱尊悦版',3,'',13,1),(202,'2018-07-10 09:03:30.396104','135','林肯大陆 2018款2.0T 两驱尊悦版',3,'',13,1),(203,'2018-07-10 09:03:30.397376','134','林肯大陆 2018款2.0T 两驱尊悦版',3,'',13,1),(204,'2018-07-10 09:03:30.399953','133','福特Mustang 2017款2.3T性能版',3,'',13,1),(205,'2018-07-10 09:03:30.402576','132','福特Mustang 2017款2.3T性能版',3,'',13,1),(206,'2018-07-10 09:03:30.404628','131','福特Mustang 2017款2.3T性能版',3,'',13,1),(207,'2018-07-10 09:03:30.406681','130','2016款 POLO 1.4L 自动风尚型',3,'',13,1),(208,'2018-07-10 09:03:30.408274','129','2016款 POLO 1.4L 自动风尚型',3,'',13,1),(209,'2018-07-10 09:03:30.409476','128','2016款 POLO 1.4L 自动风尚型',3,'',13,1),(210,'2018-07-10 09:03:30.411186','127','2018款 奔驰C级 C 200 L 运动版 成就特别版',3,'',13,1),(211,'2018-07-10 09:03:30.412313','126','2018款 奔驰C级 C 200 L 运动版 成就特别版',3,'',13,1),(212,'2018-07-10 09:03:30.413289','125','2018款 奔驰C级 C 200 L 运动版 成就特别版',3,'',13,1),(213,'2018-07-10 09:03:30.415040','124','2018款 奔驰GLA级 GLA 200 动感型',3,'',13,1),(214,'2018-07-10 09:03:30.415980','123','2018款 奔驰GLA级 GLA 200 动感型',3,'',13,1),(215,'2018-07-10 09:03:30.416846','122','2018款 奔驰GLA级 GLA 200 动感型',3,'',13,1),(216,'2018-07-10 09:03:30.418255','121','2016款 雅阁 2.0L 舒适版',3,'',13,1),(217,'2018-07-10 09:03:30.419122','120','2016款 雅阁 2.0L 舒适版',3,'',13,1),(218,'2018-07-10 09:03:30.420037','119','2016款 雅阁 2.0L 舒适版',3,'',13,1),(219,'2018-07-10 09:03:30.420983','118','2017款 凌派 1.8L CVT舒适版',3,'',13,1),(220,'2018-07-10 09:03:30.422422','117','2017款 凌派 1.8L CVT舒适版',3,'',13,1),(221,'2018-07-10 09:03:30.423362','116','2017款 凌派 1.8L CVT舒适版',3,'',13,1),(222,'2018-07-10 09:03:30.424338','115','2016款 雅阁 混动 2.0L 锐酷版',3,'',13,1),(223,'2018-07-10 09:03:30.425374','114','2016款 雅阁 混动 2.0L 锐酷版',3,'',13,1),(224,'2018-07-10 09:03:30.427317','113','2016款 雅阁 混动 2.0L 锐酷版',3,'',13,1),(225,'2018-07-10 09:03:30.428576','112','2017款 别克GL8 28T 尊享型',3,'',13,1),(226,'2018-07-10 09:03:30.429605','111','2017款 别克GL8 28T 尊享型',3,'',13,1),(227,'2018-07-10 09:03:30.431054','110','2017款 别克GL8 28T 尊享型',3,'',13,1),(228,'2018-07-10 09:03:30.432622','109','2018款 昂科威 28T 四驱精英型',3,'',13,1),(229,'2018-07-10 09:03:30.436396','108','2018款 昂科威 28T 四驱精英型',3,'',13,1),(230,'2018-07-10 09:03:30.441176','107','2018款 昂科威 28T 四驱精英型',3,'',13,1),(231,'2018-07-10 09:03:30.443376','106','2017款 君威 28T 尊享型',3,'',13,1),(232,'2018-07-10 09:03:30.444894','105','2017款 君威 28T 尊享型',3,'',13,1),(233,'2018-07-10 09:03:30.446478','104','2017款 君威 28T 尊享型',3,'',13,1),(234,'2018-07-10 09:03:30.447444','103','2017款 福睿斯 1.5L 自动舒适型',3,'',13,1),(235,'2018-07-10 09:03:30.448374','102','2017款 福睿斯 1.5L 自动舒适型',3,'',13,1),(236,'2018-07-10 09:03:30.449488','101','2017款 福睿斯 1.5L 自动舒适型',3,'',13,1),(237,'2018-07-10 09:03:30.450959','100','2018款 名爵ZS 1.5L 自动豪华版',3,'',13,1),(238,'2018-07-10 09:03:30.451904','99','2018款 名爵ZS 1.5L 自动豪华版',3,'',13,1),(239,'2018-07-10 09:03:30.452821','98','2018款 名爵ZS 1.5L 自动豪华版',3,'',13,1),(240,'2018-07-10 09:03:30.454151','97','2018款 名爵ZS 1.5L 自动豪华版',3,'',13,1),(241,'2018-07-10 09:03:30.455076','96','2018款 名爵ZS 1.5L 自动豪华版',3,'',13,1),(242,'2018-07-10 09:03:30.455949','95','2018款 名爵ZS 1.5L 自动豪华版',3,'',13,1),(243,'2018-07-10 09:03:44.795576','185','2018款 名爵ZS 1.5L 自动豪华版',1,'[{\"added\": {}}]',13,1),(244,'2018-07-10 09:03:50.785865','186','2018款 名爵ZS 1.5L 自动豪华版',1,'[{\"added\": {}}]',13,1),(245,'2018-07-10 09:51:03.644253','186','2018款 名爵ZS 1.5L 自动豪华版',3,'',13,1),(246,'2018-07-10 09:51:03.706354','185','2018款 名爵ZS 1.5L 自动豪华版',3,'',13,1),(247,'2018-07-10 09:51:13.702538','18','File/images_U2gCXXJ.xlsx',3,'',17,1),(248,'2018-07-10 09:51:19.947929','19','File/images_IDHSPXs.xlsx',1,'[{\"added\": {}}]',17,1),(249,'2018-07-10 09:52:55.491416','360','2018款 沃尔沃S90 2.0T T4 智远版',3,'',13,1),(250,'2018-07-10 09:52:55.497103','359','2018款 沃尔沃S90 2.0T T4 智远版',3,'',13,1),(251,'2018-07-10 09:52:55.499204','358','2018款 沃尔沃S90 2.0T T4 智远版',3,'',13,1),(252,'2018-07-10 09:52:55.500445','357','2018款 沃尔沃S90 2.0T T4 智远版',3,'',13,1),(253,'2018-07-10 09:52:55.501761','356','2018款 沃尔沃S90 2.0T T4 智远版',3,'',13,1),(254,'2018-07-10 09:52:55.503511','355','2018款 沃尔沃S90 2.0T T4 智远版',3,'',13,1),(255,'2018-07-10 09:52:55.504581','354','2018款 奔驰E级 改款 E 200 L',3,'',13,1),(256,'2018-07-10 09:52:55.505635','353','2018款 奔驰E级 改款 E 200 L',3,'',13,1),(257,'2018-07-10 09:52:55.507384','352','2018款 奔驰E级 改款 E 200 L',3,'',13,1),(258,'2018-07-10 09:52:55.508494','351','2018款 奔驰E级 改款 E 200 L',3,'',13,1),(259,'2018-07-10 09:52:55.509559','350','2018款 奔驰E级 改款 E 200 L',3,'',13,1),(260,'2018-07-10 09:52:55.511216','349','2018款 奔驰E级 改款 E 200 L',3,'',13,1),(261,'2018-07-10 09:52:55.512614','348','2018款 发现神行 240PS HSE版',3,'',13,1),(262,'2018-07-10 09:52:55.513671','347','2018款 发现神行 240PS HSE版',3,'',13,1),(263,'2018-07-10 09:52:55.515242','346','2018款 发现神行 240PS HSE版',3,'',13,1),(264,'2018-07-10 09:52:55.516233','345','2018款 发现神行 240PS HSE版',3,'',13,1),(265,'2018-07-10 09:52:55.517224','344','2018款 发现神行 240PS HSE版',3,'',13,1),(266,'2018-07-10 09:52:55.518611','343','2018款 发现神行 240PS HSE版',3,'',13,1),(267,'2018-07-10 09:52:55.519566','342','沃尔沃S60 2018款 T3 智进进取版',3,'',13,1),(268,'2018-07-10 09:52:55.520528','341','沃尔沃S60 2018款 T3 智进进取版',3,'',13,1),(269,'2018-07-10 09:52:55.521530','340','沃尔沃S60 2018款 T3 智进进取版',3,'',13,1),(270,'2018-07-10 09:52:55.525078','339','沃尔沃S60 2018款 T3 智进进取版',3,'',13,1),(271,'2018-07-10 09:52:55.527093','338','沃尔沃S60 2018款 T3 智进进取版',3,'',13,1),(272,'2018-07-10 09:52:55.528360','337','沃尔沃S60 2018款 T3 智进进取版',3,'',13,1),(273,'2018-07-10 09:52:55.549517','336','沃尔沃 V60 2017款 2.0T T5智逸版',3,'',13,1),(274,'2018-07-10 09:52:55.550933','335','沃尔沃 V60 2017款 2.0T T5智逸版',3,'',13,1),(275,'2018-07-10 09:52:55.551900','334','沃尔沃 V60 2017款 2.0T T5智逸版',3,'',13,1),(276,'2018-07-10 09:52:55.552888','333','沃尔沃 V60 2017款 2.0T T5智逸版',3,'',13,1),(277,'2018-07-10 09:52:55.554469','332','沃尔沃 V60 2017款 2.0T T5智逸版',3,'',13,1),(278,'2018-07-10 09:52:55.555471','331','沃尔沃 V60 2017款 2.0T T5智逸版',3,'',13,1),(279,'2018-07-10 09:52:55.557101','330','2018款 名爵ZS 1.5L 自动豪华版',3,'',13,1),(280,'2018-07-10 09:52:55.572054','329','2018款 名爵ZS 1.5L 自动豪华版',3,'',13,1),(281,'2018-07-10 09:52:55.573154','328','2018款 名爵ZS 1.5L 自动豪华版',3,'',13,1),(282,'2018-07-10 09:52:55.574638','327','2018款 名爵ZS 1.5L 自动豪华版',3,'',13,1),(283,'2018-07-10 09:52:55.575633','326','2018款 名爵ZS 1.5L 自动豪华版',3,'',13,1),(284,'2018-07-10 09:52:55.576698','325','2018款 名爵ZS 1.5L 自动豪华版',3,'',13,1),(285,'2018-07-10 09:52:55.577615','324','2018款 锐腾 20T 自动豪华版',3,'',13,1),(286,'2018-07-10 09:52:55.579118','323','2018款 锐腾 20T 自动豪华版',3,'',13,1),(287,'2018-07-10 09:52:55.580048','322','2018款 锐腾 20T 自动豪华版',3,'',13,1),(288,'2018-07-10 09:52:55.580971','321','2018款 锐腾 20T 自动豪华版',3,'',13,1),(289,'2018-07-10 09:52:55.581867','320','2018款 锐腾 20T 自动豪华版',3,'',13,1),(290,'2018-07-10 09:52:55.584420','319','2018款 锐腾 20T 自动豪华版',3,'',13,1),(291,'2018-07-10 09:52:55.585425','318','MG3 2017款 1.5L自动智联精英版',3,'',13,1),(292,'2018-07-10 09:52:55.586931','317','MG3 2017款 1.5L自动智联精英版',3,'',13,1),(293,'2018-07-10 09:52:55.588000','316','MG3 2017款 1.5L自动智联精英版',3,'',13,1),(294,'2018-07-10 09:52:55.588976','315','MG3 2017款 1.5L自动智联精英版',3,'',13,1),(295,'2018-07-10 09:52:55.589965','314','MG3 2017款 1.5L自动智联精英版',3,'',13,1),(296,'2018-07-10 09:52:55.591364','313','MG3 2017款 1.5L自动智联精英版',3,'',13,1),(297,'2018-07-10 09:52:55.592319','312','2015款 阳光 1.5XE CVT舒适版',3,'',13,1),(298,'2018-07-10 09:52:55.593255','311','2015款 阳光 1.5XE CVT舒适版',3,'',13,1),(299,'2018-07-10 09:52:55.595234','310','2015款 阳光 1.5XE CVT舒适版',3,'',13,1),(300,'2018-07-10 09:52:55.596246','309','2015款 阳光 1.5XE CVT舒适版',3,'',13,1),(301,'2018-07-10 09:52:55.597221','308','2015款 阳光 1.5XE CVT舒适版',3,'',13,1),(302,'2018-07-10 09:52:55.598715','307','2015款 阳光 1.5XE CVT舒适版',3,'',13,1),(303,'2018-07-10 09:52:55.599692','306','捷豹XFL2018款3.0 SC 340ps 奢华版',3,'',13,1),(304,'2018-07-10 09:52:55.600568','305','捷豹XFL2018款3.0 SC 340ps 奢华版',3,'',13,1),(305,'2018-07-10 09:52:55.601491','304','捷豹XFL2018款3.0 SC 340ps 奢华版',3,'',13,1),(306,'2018-07-10 09:52:55.602917','303','捷豹XFL2018款3.0 SC 340ps 奢华版',3,'',13,1),(307,'2018-07-10 09:52:55.603868','302','捷豹XFL2018款3.0 SC 340ps 奢华版',3,'',13,1),(308,'2018-07-10 09:52:55.604774','301','捷豹XFL2018款3.0 SC 340ps 奢华版',3,'',13,1),(309,'2018-07-10 09:52:55.605726','300','2017款 帕萨特 280TSI DSG尊荣版',3,'',13,1),(310,'2018-07-10 09:52:55.607093','299','2017款 帕萨特 280TSI DSG尊荣版',3,'',13,1),(311,'2018-07-10 09:52:55.607975','298','2017款 帕萨特 280TSI DSG尊荣版',3,'',13,1),(312,'2018-07-10 09:52:55.608887','297','2017款 帕萨特 280TSI DSG尊荣版',3,'',13,1),(313,'2018-07-10 09:52:55.609892','296','2017款 帕萨特 280TSI DSG尊荣版',3,'',13,1),(314,'2018-07-10 09:52:55.611324','295','2017款 帕萨特 280TSI DSG尊荣版',3,'',13,1),(315,'2018-07-10 09:52:55.612277','294','大众POLO2016款1.4L自动风尚型',3,'',13,1),(316,'2018-07-10 09:52:55.613212','293','大众POLO2016款1.4L自动风尚型',3,'',13,1),(317,'2018-07-10 09:52:55.614791','292','大众POLO2016款1.4L自动风尚型',3,'',13,1),(318,'2018-07-10 09:52:55.615796','291','大众POLO2016款1.4L自动风尚型',3,'',13,1),(319,'2018-07-10 09:52:55.616731','290','大众POLO2016款1.4L自动风尚型',3,'',13,1),(320,'2018-07-10 09:52:55.617706','289','大众POLO2016款1.4L自动风尚型',3,'',13,1),(321,'2018-07-10 09:52:55.619100','288','2016款 途安L 280TSI 自动舒适版(7座版)',3,'',13,1),(322,'2018-07-10 09:52:55.620031','287','2016款 途安L 280TSI 自动舒适版(7座版)',3,'',13,1),(323,'2018-07-10 09:52:55.620909','286','2016款 途安L 280TSI 自动舒适版(7座版)',3,'',13,1),(324,'2018-07-10 09:52:55.621912','285','2016款 途安L 280TSI 自动舒适版(7座版)',3,'',13,1),(325,'2018-07-10 09:52:55.623972','284','2016款 途安L 280TSI 自动舒适版(7座版)',3,'',13,1),(326,'2018-07-10 09:52:55.626112','283','2016款 途安L 280TSI 自动舒适版(7座版)',3,'',13,1),(327,'2018-07-10 09:52:55.628078','282','2018款 夏朗 380TSI 尊享型 7座',3,'',13,1),(328,'2018-07-10 09:52:55.629181','281','2018款 夏朗 380TSI 尊享型 7座',3,'',13,1),(329,'2018-07-10 09:52:55.630734','280','2018款 夏朗 380TSI 尊享型 7座',3,'',13,1),(330,'2018-07-10 09:52:55.631739','279','2018款 夏朗 380TSI 尊享型 7座',3,'',13,1),(331,'2018-07-10 09:52:55.632796','278','2018款 夏朗 380TSI 尊享型 7座',3,'',13,1),(332,'2018-07-10 09:52:55.634381','277','2018款 夏朗 380TSI 尊享型 7座',3,'',13,1),(333,'2018-07-10 09:52:55.635388','276','丰田皇冠2018款 2.0T 时尚版',3,'',13,1),(334,'2018-07-10 09:52:55.636451','275','丰田皇冠2018款 2.0T 时尚版',3,'',13,1),(335,'2018-07-10 09:52:55.637488','274','丰田皇冠2018款 2.0T 时尚版',3,'',13,1),(336,'2018-07-10 09:52:55.638895','273','丰田皇冠2018款 2.0T 时尚版',3,'',13,1),(337,'2018-07-10 09:52:55.639944','272','丰田皇冠2018款 2.0T 时尚版',3,'',13,1),(338,'2018-07-10 09:52:55.640971','271','丰田皇冠2018款 2.0T 时尚版',3,'',13,1),(339,'2018-07-10 09:52:55.642431','270','2017款 MODEL S 75D 电动全景天窗',3,'',13,1),(340,'2018-07-10 09:52:55.643755','269','2017款 MODEL S 75D 电动全景天窗',3,'',13,1),(341,'2018-07-10 09:52:55.645203','268','2017款 MODEL S 75D 电动全景天窗',3,'',13,1),(342,'2018-07-10 09:52:55.646902','267','2017款 MODEL S 75D 电动全景天窗',3,'',13,1),(343,'2018-07-10 09:52:55.648003','266','2017款 MODEL S 75D 电动全景天窗',3,'',13,1),(344,'2018-07-10 09:52:55.649012','265','2017款 MODEL S 75D 电动全景天窗',3,'',13,1),(345,'2018-07-10 09:52:55.650821','264','林肯大陆 2018款2.0T 两驱尊悦版',3,'',13,1),(346,'2018-07-10 09:52:55.651900','263','林肯大陆 2018款2.0T 两驱尊悦版',3,'',13,1),(347,'2018-07-10 09:52:55.652897','262','林肯大陆 2018款2.0T 两驱尊悦版',3,'',13,1),(348,'2018-07-10 09:52:55.654330','261','林肯大陆 2018款2.0T 两驱尊悦版',3,'',13,1),(349,'2018-07-10 09:53:53.239363','260','林肯大陆 2018款2.0T 两驱尊悦版',3,'',13,1),(350,'2018-07-10 09:53:53.258121','259','林肯大陆 2018款2.0T 两驱尊悦版',3,'',13,1),(351,'2018-07-10 09:53:53.259741','258','福特Mustang 2017款2.3T性能版',3,'',13,1),(352,'2018-07-10 09:53:53.260781','257','福特Mustang 2017款2.3T性能版',3,'',13,1),(353,'2018-07-10 09:53:53.262321','256','福特Mustang 2017款2.3T性能版',3,'',13,1),(354,'2018-07-10 09:53:53.263338','255','福特Mustang 2017款2.3T性能版',3,'',13,1),(355,'2018-07-10 09:53:53.264378','254','福特Mustang 2017款2.3T性能版',3,'',13,1),(356,'2018-07-10 09:53:53.265330','253','福特Mustang 2017款2.3T性能版',3,'',13,1),(357,'2018-07-10 09:53:53.266836','252','2016款 POLO 1.4L 自动风尚型',3,'',13,1),(358,'2018-07-10 09:53:53.275683','251','2016款 POLO 1.4L 自动风尚型',3,'',13,1),(359,'2018-07-10 09:53:53.277845','250','2016款 POLO 1.4L 自动风尚型',3,'',13,1),(360,'2018-07-10 09:53:53.279440','249','2016款 POLO 1.4L 自动风尚型',3,'',13,1),(361,'2018-07-10 09:53:53.280468','248','2016款 POLO 1.4L 自动风尚型',3,'',13,1),(362,'2018-07-10 09:53:53.281473','247','2016款 POLO 1.4L 自动风尚型',3,'',13,1),(363,'2018-07-10 09:53:53.282969','246','2018款 奔驰C级 C 200 L 运动版 成就特别版',3,'',13,1),(364,'2018-07-10 09:53:53.284032','245','2018款 奔驰C级 C 200 L 运动版 成就特别版',3,'',13,1),(365,'2018-07-10 09:53:53.285057','244','2018款 奔驰C级 C 200 L 运动版 成就特别版',3,'',13,1),(366,'2018-07-10 09:53:53.286770','243','2018款 奔驰C级 C 200 L 运动版 成就特别版',3,'',13,1),(367,'2018-07-10 09:53:53.287860','242','2018款 奔驰C级 C 200 L 运动版 成就特别版',3,'',13,1),(368,'2018-07-10 09:53:53.288847','241','2018款 奔驰C级 C 200 L 运动版 成就特别版',3,'',13,1),(369,'2018-07-10 09:53:53.290276','240','2018款 奔驰GLA级 GLA 200 动感型',3,'',13,1),(370,'2018-07-10 09:53:53.291238','239','2018款 奔驰GLA级 GLA 200 动感型',3,'',13,1),(371,'2018-07-10 09:53:53.292189','238','2018款 奔驰GLA级 GLA 200 动感型',3,'',13,1),(372,'2018-07-10 09:53:53.293191','237','2018款 奔驰GLA级 GLA 200 动感型',3,'',13,1),(373,'2018-07-10 09:53:53.294710','236','2018款 奔驰GLA级 GLA 200 动感型',3,'',13,1),(374,'2018-07-10 09:53:53.295668','235','2018款 奔驰GLA级 GLA 200 动感型',3,'',13,1),(375,'2018-07-10 09:53:53.296665','234','2016款 雅阁 2.0L 舒适版',3,'',13,1),(376,'2018-07-10 09:53:53.297599','233','2016款 雅阁 2.0L 舒适版',3,'',13,1),(377,'2018-07-10 09:53:53.299307','232','2016款 雅阁 2.0L 舒适版',3,'',13,1),(378,'2018-07-10 09:53:53.300346','231','2016款 雅阁 2.0L 舒适版',3,'',13,1),(379,'2018-07-10 09:53:53.301339','230','2016款 雅阁 2.0L 舒适版',3,'',13,1),(380,'2018-07-10 09:53:53.303166','229','2016款 雅阁 2.0L 舒适版',3,'',13,1),(381,'2018-07-10 09:53:53.304310','228','2017款 凌派 1.8L CVT舒适版',3,'',13,1),(382,'2018-07-10 09:53:53.305636','227','2017款 凌派 1.8L CVT舒适版',3,'',13,1),(383,'2018-07-10 09:53:53.307070','226','2017款 凌派 1.8L CVT舒适版',3,'',13,1),(384,'2018-07-10 09:53:53.308068','225','2017款 凌派 1.8L CVT舒适版',3,'',13,1),(385,'2018-07-10 09:53:53.309047','224','2017款 凌派 1.8L CVT舒适版',3,'',13,1),(386,'2018-07-10 09:53:53.310484','223','2017款 凌派 1.8L CVT舒适版',3,'',13,1),(387,'2018-07-10 09:53:53.311462','222','2016款 雅阁 混动 2.0L 锐酷版',3,'',13,1),(388,'2018-07-10 09:53:53.312428','221','2016款 雅阁 混动 2.0L 锐酷版',3,'',13,1),(389,'2018-07-10 09:53:53.315323','220','2016款 雅阁 混动 2.0L 锐酷版',3,'',13,1),(390,'2018-07-10 09:53:53.316460','219','2016款 雅阁 混动 2.0L 锐酷版',3,'',13,1),(391,'2018-07-10 09:53:53.317607','218','2016款 雅阁 混动 2.0L 锐酷版',3,'',13,1),(392,'2018-07-10 09:53:53.319404','217','2016款 雅阁 混动 2.0L 锐酷版',3,'',13,1),(393,'2018-07-10 09:53:53.320377','216','2017款 别克GL8 28T 尊享型',3,'',13,1),(394,'2018-07-10 09:53:53.321375','215','2017款 别克GL8 28T 尊享型',3,'',13,1),(395,'2018-07-10 09:53:53.322839','214','2017款 别克GL8 28T 尊享型',3,'',13,1),(396,'2018-07-10 09:53:53.323790','213','2017款 别克GL8 28T 尊享型',3,'',13,1),(397,'2018-07-10 09:53:53.324760','212','2017款 别克GL8 28T 尊享型',3,'',13,1),(398,'2018-07-10 09:53:53.326120','211','2017款 别克GL8 28T 尊享型',3,'',13,1),(399,'2018-07-10 09:53:53.327162','210','2018款 昂科威 28T 四驱精英型',3,'',13,1),(400,'2018-07-10 09:53:53.328120','209','2018款 昂科威 28T 四驱精英型',3,'',13,1),(401,'2018-07-10 09:53:53.329116','208','2018款 昂科威 28T 四驱精英型',3,'',13,1),(402,'2018-07-10 09:53:53.330509','207','2018款 昂科威 28T 四驱精英型',3,'',13,1),(403,'2018-07-10 09:53:53.331490','206','2018款 昂科威 28T 四驱精英型',3,'',13,1),(404,'2018-07-10 09:53:53.332528','205','2018款 昂科威 28T 四驱精英型',3,'',13,1),(405,'2018-07-10 09:53:53.333519','204','2017款 君威 28T 尊享型',3,'',13,1),(406,'2018-07-10 09:53:53.334987','203','2017款 君威 28T 尊享型',3,'',13,1),(407,'2018-07-10 09:53:53.335959','202','2017款 君威 28T 尊享型',3,'',13,1),(408,'2018-07-10 09:53:53.336918','201','2017款 君威 28T 尊享型',3,'',13,1),(409,'2018-07-10 09:53:53.338713','200','2017款 君威 28T 尊享型',3,'',13,1),(410,'2018-07-10 09:53:53.339869','199','2017款 君威 28T 尊享型',3,'',13,1),(411,'2018-07-10 09:53:53.340877','198','2017款 福睿斯 1.5L 自动舒适型',3,'',13,1),(412,'2018-07-10 09:53:53.342348','197','2017款 福睿斯 1.5L 自动舒适型',3,'',13,1),(413,'2018-07-10 09:53:53.343401','196','2017款 福睿斯 1.5L 自动舒适型',3,'',13,1),(414,'2018-07-10 09:53:53.344485','195','2017款 福睿斯 1.5L 自动舒适型',3,'',13,1),(415,'2018-07-10 09:53:53.345628','194','2017款 福睿斯 1.5L 自动舒适型',3,'',13,1),(416,'2018-07-10 09:53:53.347053','193','2017款 福睿斯 1.5L 自动舒适型',3,'',13,1),(417,'2018-07-10 09:53:53.348050','192','2018款 名爵ZS 1.5L 自动豪华版',3,'',13,1),(418,'2018-07-10 09:53:53.349011','191','2018款 名爵ZS 1.5L 自动豪华版',3,'',13,1),(419,'2018-07-10 09:53:53.350545','190','2018款 名爵ZS 1.5L 自动豪华版',3,'',13,1),(420,'2018-07-10 09:53:53.351525','189','2018款 名爵ZS 1.5L 自动豪华版',3,'',13,1),(421,'2018-07-10 09:53:53.352522','188','2018款 名爵ZS 1.5L 自动豪华版',3,'',13,1),(422,'2018-07-10 09:53:53.353491','187','2018款 名爵ZS 1.5L 自动豪华版',3,'',13,1),(423,'2018-07-10 09:54:20.463054','19','File/images_IDHSPXs.xlsx',3,'',17,1),(424,'2018-07-10 09:54:25.651238','20','File/images_hpjLFAG.xlsx',1,'[{\"added\": {}}]',17,1),(425,'2018-07-10 09:57:27.755067','505','2018款 沃尔沃S90 2.0T T4 智远版',3,'',13,1),(426,'2018-07-10 09:57:27.757266','504','2018款 沃尔沃S90 2.0T T4 智远版',3,'',13,1),(427,'2018-07-10 09:57:27.770789','503','2018款 沃尔沃S90 2.0T T4 智远版',3,'',13,1),(428,'2018-07-10 09:57:27.772347','502','2018款 沃尔沃S90 2.0T T4 智远版',3,'',13,1),(429,'2018-07-10 09:57:27.773396','501','2018款 沃尔沃S90 2.0T T4 智远版',3,'',13,1),(430,'2018-07-10 09:57:27.774964','500','2018款 奔驰E级 改款 E 200 L',3,'',13,1),(431,'2018-07-10 09:57:27.775984','499','2018款 奔驰E级 改款 E 200 L',3,'',13,1),(432,'2018-07-10 09:57:27.776975','498','2018款 奔驰E级 改款 E 200 L',3,'',13,1),(433,'2018-07-10 09:57:27.778515','497','2018款 奔驰E级 改款 E 200 L',3,'',13,1),(434,'2018-07-10 09:57:27.788615','496','2018款 奔驰E级 改款 E 200 L',3,'',13,1),(435,'2018-07-10 09:57:27.791099','495','2018款 发现神行 240PS HSE版',3,'',13,1),(436,'2018-07-10 09:57:27.792200','494','2018款 发现神行 240PS HSE版',3,'',13,1),(437,'2018-07-10 09:57:27.793225','493','2018款 发现神行 240PS HSE版',3,'',13,1),(438,'2018-07-10 09:57:27.794588','492','2018款 发现神行 240PS HSE版',3,'',13,1),(439,'2018-07-10 09:57:27.795541','491','2018款 发现神行 240PS HSE版',3,'',13,1),(440,'2018-07-10 09:57:27.796594','490','沃尔沃S60 2018款 T3 智进进取版',3,'',13,1),(441,'2018-07-10 09:57:27.797571','489','沃尔沃S60 2018款 T3 智进进取版',3,'',13,1),(442,'2018-07-10 09:57:27.798919','488','沃尔沃S60 2018款 T3 智进进取版',3,'',13,1),(443,'2018-07-10 09:57:27.799857','487','沃尔沃S60 2018款 T3 智进进取版',3,'',13,1),(444,'2018-07-10 09:57:27.800923','486','沃尔沃S60 2018款 T3 智进进取版',3,'',13,1),(445,'2018-07-10 09:57:27.803083','485','沃尔沃 V60 2017款 2.0T T5智逸版',3,'',13,1),(446,'2018-07-10 09:57:27.804296','484','沃尔沃 V60 2017款 2.0T T5智逸版',3,'',13,1),(447,'2018-07-10 09:57:27.805337','483','沃尔沃 V60 2017款 2.0T T5智逸版',3,'',13,1),(448,'2018-07-10 09:57:27.807811','482','沃尔沃 V60 2017款 2.0T T5智逸版',3,'',13,1),(449,'2018-07-10 09:57:27.810525','481','沃尔沃 V60 2017款 2.0T T5智逸版',3,'',13,1),(450,'2018-07-10 09:57:27.811754','480','2018款 名爵ZS 1.5L 自动豪华版',3,'',13,1),(451,'2018-07-10 09:57:27.831019','479','2018款 名爵ZS 1.5L 自动豪华版',3,'',13,1),(452,'2018-07-10 09:57:27.832519','478','2018款 名爵ZS 1.5L 自动豪华版',3,'',13,1),(453,'2018-07-10 09:57:27.834484','477','2018款 名爵ZS 1.5L 自动豪华版',3,'',13,1),(454,'2018-07-10 09:57:27.835604','476','2018款 名爵ZS 1.5L 自动豪华版',3,'',13,1),(455,'2018-07-10 09:57:27.836717','475','2018款 锐腾 20T 自动豪华版',3,'',13,1),(456,'2018-07-10 09:57:27.838148','474','2018款 锐腾 20T 自动豪华版',3,'',13,1),(457,'2018-07-10 09:57:27.839268','473','2018款 锐腾 20T 自动豪华版',3,'',13,1),(458,'2018-07-10 09:57:27.840280','472','2018款 锐腾 20T 自动豪华版',3,'',13,1),(459,'2018-07-10 09:57:27.841241','471','2018款 锐腾 20T 自动豪华版',3,'',13,1),(460,'2018-07-10 09:57:27.842672','470','MG3 2017款 1.5L自动智联精英版',3,'',13,1),(461,'2018-07-10 09:57:27.877028','469','MG3 2017款 1.5L自动智联精英版',3,'',13,1),(462,'2018-07-10 09:57:27.878997','468','MG3 2017款 1.5L自动智联精英版',3,'',13,1),(463,'2018-07-10 09:57:27.880500','467','MG3 2017款 1.5L自动智联精英版',3,'',13,1),(464,'2018-07-10 09:57:27.881613','466','MG3 2017款 1.5L自动智联精英版',3,'',13,1),(465,'2018-07-10 09:57:27.883413','465','2015款 阳光 1.5XE CVT舒适版',3,'',13,1),(466,'2018-07-10 09:57:27.884405','464','2015款 阳光 1.5XE CVT舒适版',3,'',13,1),(467,'2018-07-10 09:57:27.885739','463','2015款 阳光 1.5XE CVT舒适版',3,'',13,1),(468,'2018-07-10 09:57:27.887161','462','2015款 阳光 1.5XE CVT舒适版',3,'',13,1),(469,'2018-07-10 09:57:27.888142','461','2015款 阳光 1.5XE CVT舒适版',3,'',13,1),(470,'2018-07-10 09:57:27.889171','460','捷豹XFL2018款3.0 SC 340ps 奢华版',3,'',13,1),(471,'2018-07-10 09:57:27.890526','459','捷豹XFL2018款3.0 SC 340ps 奢华版',3,'',13,1),(472,'2018-07-10 09:57:27.891491','458','捷豹XFL2018款3.0 SC 340ps 奢华版',3,'',13,1),(473,'2018-07-10 09:57:27.892474','457','捷豹XFL2018款3.0 SC 340ps 奢华版',3,'',13,1),(474,'2018-07-10 09:57:27.893551','456','捷豹XFL2018款3.0 SC 340ps 奢华版',3,'',13,1),(475,'2018-07-10 09:57:27.895786','455','2017款 帕萨特 280TSI DSG尊荣版',3,'',13,1),(476,'2018-07-10 09:57:27.897129','454','2017款 帕萨特 280TSI DSG尊荣版',3,'',13,1),(477,'2018-07-10 09:57:27.899024','453','2017款 帕萨特 280TSI DSG尊荣版',3,'',13,1),(478,'2018-07-10 09:57:27.899999','452','2017款 帕萨特 280TSI DSG尊荣版',3,'',13,1),(479,'2018-07-10 09:57:27.900951','451','2017款 帕萨特 280TSI DSG尊荣版',3,'',13,1),(480,'2018-07-10 09:57:27.902267','450','大众POLO2016款1.4L自动风尚型',3,'',13,1),(481,'2018-07-10 09:57:27.903232','449','大众POLO2016款1.4L自动风尚型',3,'',13,1),(482,'2018-07-10 09:57:27.904168','448','大众POLO2016款1.4L自动风尚型',3,'',13,1),(483,'2018-07-10 09:57:27.905106','447','大众POLO2016款1.4L自动风尚型',3,'',13,1),(484,'2018-07-10 09:57:27.907514','446','大众POLO2016款1.4L自动风尚型',3,'',13,1),(485,'2018-07-10 09:57:27.909468','445','2016款 途安L 280TSI 自动舒适版(7座版)',3,'',13,1),(486,'2018-07-10 09:57:27.911551','444','2016款 途安L 280TSI 自动舒适版(7座版)',3,'',13,1),(487,'2018-07-10 09:57:27.912742','443','2016款 途安L 280TSI 自动舒适版(7座版)',3,'',13,1),(488,'2018-07-10 09:57:27.914982','442','2016款 途安L 280TSI 自动舒适版(7座版)',3,'',13,1),(489,'2018-07-10 09:57:27.916136','441','2016款 途安L 280TSI 自动舒适版(7座版)',3,'',13,1),(490,'2018-07-10 09:57:27.917246','440','2018款 夏朗 380TSI 尊享型 7座',3,'',13,1),(491,'2018-07-10 09:57:27.918988','439','2018款 夏朗 380TSI 尊享型 7座',3,'',13,1),(492,'2018-07-10 09:57:27.920042','438','2018款 夏朗 380TSI 尊享型 7座',3,'',13,1),(493,'2018-07-10 09:57:27.920992','437','2018款 夏朗 380TSI 尊享型 7座',3,'',13,1),(494,'2018-07-10 09:57:27.922333','436','2018款 夏朗 380TSI 尊享型 7座',3,'',13,1),(495,'2018-07-10 09:57:27.923295','435','丰田皇冠2018款 2.0T 时尚版',3,'',13,1),(496,'2018-07-10 09:57:27.924241','434','丰田皇冠2018款 2.0T 时尚版',3,'',13,1),(497,'2018-07-10 09:57:27.925394','433','丰田皇冠2018款 2.0T 时尚版',3,'',13,1),(498,'2018-07-10 09:57:27.926884','432','丰田皇冠2018款 2.0T 时尚版',3,'',13,1),(499,'2018-07-10 09:57:27.927892','431','丰田皇冠2018款 2.0T 时尚版',3,'',13,1),(500,'2018-07-10 09:57:27.928945','430','2017款 MODEL S 75D 电动全景天窗',3,'',13,1),(501,'2018-07-10 09:57:27.930397','429','2017款 MODEL S 75D 电动全景天窗',3,'',13,1),(502,'2018-07-10 09:57:27.931431','428','2017款 MODEL S 75D 电动全景天窗',3,'',13,1),(503,'2018-07-10 09:57:27.932428','427','2017款 MODEL S 75D 电动全景天窗',3,'',13,1),(504,'2018-07-10 09:57:27.933446','426','2017款 MODEL S 75D 电动全景天窗',3,'',13,1),(505,'2018-07-10 09:57:27.934816','425','林肯大陆 2018款2.0T 两驱尊悦版',3,'',13,1),(506,'2018-07-10 09:57:27.935775','424','林肯大陆 2018款2.0T 两驱尊悦版',3,'',13,1),(507,'2018-07-10 09:57:27.936718','423','林肯大陆 2018款2.0T 两驱尊悦版',3,'',13,1),(508,'2018-07-10 09:57:27.938067','422','林肯大陆 2018款2.0T 两驱尊悦版',3,'',13,1),(509,'2018-07-10 09:57:27.939054','421','林肯大陆 2018款2.0T 两驱尊悦版',3,'',13,1),(510,'2018-07-10 09:57:27.940095','420','福特Mustang 2017款2.3T性能版',3,'',13,1),(511,'2018-07-10 09:57:27.941129','419','福特Mustang 2017款2.3T性能版',3,'',13,1),(512,'2018-07-10 09:57:27.942510','418','福特Mustang 2017款2.3T性能版',3,'',13,1),(513,'2018-07-10 09:57:27.943576','417','福特Mustang 2017款2.3T性能版',3,'',13,1),(514,'2018-07-10 09:57:27.944527','416','福特Mustang 2017款2.3T性能版',3,'',13,1),(515,'2018-07-10 09:57:27.945483','415','2016款 POLO 1.4L 自动风尚型',3,'',13,1),(516,'2018-07-10 09:57:27.946797','414','2016款 POLO 1.4L 自动风尚型',3,'',13,1),(517,'2018-07-10 09:57:27.948333','413','2016款 POLO 1.4L 自动风尚型',3,'',13,1),(518,'2018-07-10 09:57:27.949292','412','2016款 POLO 1.4L 自动风尚型',3,'',13,1),(519,'2018-07-10 09:57:27.950591','411','2016款 POLO 1.4L 自动风尚型',3,'',13,1),(520,'2018-07-10 09:57:27.951561','410','2018款 奔驰C级 C 200 L 运动版 成就特别版',3,'',13,1),(521,'2018-07-10 09:57:27.952682','409','2018款 奔驰C级 C 200 L 运动版 成就特别版',3,'',13,1),(522,'2018-07-10 09:57:27.954047','408','2018款 奔驰C级 C 200 L 运动版 成就特别版',3,'',13,1),(523,'2018-07-10 09:57:27.955053','407','2018款 奔驰C级 C 200 L 运动版 成就特别版',3,'',13,1),(524,'2018-07-10 09:57:27.956042','406','2018款 奔驰C级 C 200 L 运动版 成就特别版',3,'',13,1),(525,'2018-07-10 09:57:27.956981','405','2018款 奔驰GLA级 GLA 200 动感型',3,'',13,1),(526,'2018-07-10 09:57:27.958312','404','2018款 奔驰GLA级 GLA 200 动感型',3,'',13,1),(527,'2018-07-10 09:57:27.959602','403','2018款 奔驰GLA级 GLA 200 动感型',3,'',13,1),(528,'2018-07-10 09:57:27.960563','402','2018款 奔驰GLA级 GLA 200 动感型',3,'',13,1),(529,'2018-07-10 09:57:27.961519','401','2018款 奔驰GLA级 GLA 200 动感型',3,'',13,1),(530,'2018-07-10 09:57:27.962831','400','2016款 雅阁 2.0L 舒适版',3,'',13,1),(531,'2018-07-10 09:57:27.963790','399','2016款 雅阁 2.0L 舒适版',3,'',13,1),(532,'2018-07-10 09:57:27.964856','398','2016款 雅阁 2.0L 舒适版',3,'',13,1),(533,'2018-07-10 09:57:27.966172','397','2016款 雅阁 2.0L 舒适版',3,'',13,1),(534,'2018-07-10 09:57:27.967160','396','2016款 雅阁 2.0L 舒适版',3,'',13,1),(535,'2018-07-10 09:57:27.968161','395','2017款 凌派 1.8L CVT舒适版',3,'',13,1),(536,'2018-07-10 09:57:27.969112','394','2017款 凌派 1.8L CVT舒适版',3,'',13,1),(537,'2018-07-10 09:57:27.970519','393','2017款 凌派 1.8L CVT舒适版',3,'',13,1),(538,'2018-07-10 09:57:27.971491','392','2017款 凌派 1.8L CVT舒适版',3,'',13,1),(539,'2018-07-10 09:57:27.972458','391','2017款 凌派 1.8L CVT舒适版',3,'',13,1),(540,'2018-07-10 09:57:27.974605','390','2016款 雅阁 混动 2.0L 锐酷版',3,'',13,1),(541,'2018-07-10 09:57:27.976799','389','2016款 雅阁 混动 2.0L 锐酷版',3,'',13,1),(542,'2018-07-10 09:57:27.978282','388','2016款 雅阁 混动 2.0L 锐酷版',3,'',13,1),(543,'2018-07-10 09:57:27.979284','387','2016款 雅阁 混动 2.0L 锐酷版',3,'',13,1),(544,'2018-07-10 09:57:27.980313','386','2016款 雅阁 混动 2.0L 锐酷版',3,'',13,1),(545,'2018-07-10 09:57:27.981356','385','2017款 别克GL8 28T 尊享型',3,'',13,1),(546,'2018-07-10 09:57:27.982735','384','2017款 别克GL8 28T 尊享型',3,'',13,1),(547,'2018-07-10 09:57:27.983764','383','2017款 别克GL8 28T 尊享型',3,'',13,1),(548,'2018-07-10 09:57:27.984811','382','2017款 别克GL8 28T 尊享型',3,'',13,1),(549,'2018-07-10 09:57:27.986288','381','2017款 别克GL8 28T 尊享型',3,'',13,1),(550,'2018-07-10 09:57:27.987293','380','2018款 昂科威 28T 四驱精英型',3,'',13,1),(551,'2018-07-10 09:57:27.988280','379','2018款 昂科威 28T 四驱精英型',3,'',13,1),(552,'2018-07-10 09:57:27.989276','378','2018款 昂科威 28T 四驱精英型',3,'',13,1),(553,'2018-07-10 09:57:27.990660','377','2018款 昂科威 28T 四驱精英型',3,'',13,1),(554,'2018-07-10 09:57:27.991641','376','2018款 昂科威 28T 四驱精英型',3,'',13,1),(555,'2018-07-10 09:57:27.992603','375','2017款 君威 28T 尊享型',3,'',13,1),(556,'2018-07-10 09:57:27.993590','374','2017款 君威 28T 尊享型',3,'',13,1),(557,'2018-07-10 09:57:27.995004','373','2017款 君威 28T 尊享型',3,'',13,1),(558,'2018-07-10 09:57:27.995971','372','2017款 君威 28T 尊享型',3,'',13,1),(559,'2018-07-10 09:57:27.996950','371','2017款 君威 28T 尊享型',3,'',13,1),(560,'2018-07-10 09:57:27.998339','370','2017款 福睿斯 1.5L 自动舒适型',3,'',13,1),(561,'2018-07-10 09:57:27.999375','369','2017款 福睿斯 1.5L 自动舒适型',3,'',13,1),(562,'2018-07-10 09:57:28.000348','368','2017款 福睿斯 1.5L 自动舒适型',3,'',13,1),(563,'2018-07-10 09:57:28.001310','367','2017款 福睿斯 1.5L 自动舒适型',3,'',13,1),(564,'2018-07-10 09:57:28.003096','366','2017款 福睿斯 1.5L 自动舒适型',3,'',13,1),(565,'2018-07-10 09:57:28.004138','365','2018款 名爵ZS 1.5L 自动豪华版',3,'',13,1),(566,'2018-07-10 09:57:28.005148','364','2018款 名爵ZS 1.5L 自动豪华版',3,'',13,1),(567,'2018-07-10 09:57:28.006602','363','2018款 名爵ZS 1.5L 自动豪华版',3,'',13,1),(568,'2018-07-10 09:57:28.007659','362','2018款 名爵ZS 1.5L 自动豪华版',3,'',13,1),(569,'2018-07-10 09:57:28.008771','361','2018款 名爵ZS 1.5L 自动豪华版',3,'',13,1),(570,'2018-07-10 09:57:35.546033','20','File/images_hpjLFAG.xlsx',3,'',17,1),(571,'2018-07-10 09:58:17.588420','21','File/images_Cyvou2p.xlsx',1,'[{\"added\": {}}]',17,1),(572,'2018-07-10 10:03:39.634055','8','xjl',3,'',6,1),(573,'2018-07-10 10:07:56.221266','2','lby',3,'',6,1),(574,'2018-07-11 08:41:53.685354','12','yuesp',3,'',6,1),(575,'2018-07-11 08:41:53.719356','10','岳少鹏',3,'',6,1),(576,'2018-07-11 09:02:49.420178','14','yhf',3,'',6,1),(577,'2018-07-11 09:02:49.471181','13','岳少鹏',3,'',6,1),(578,'2018-07-11 09:02:49.504183','11','rsf',3,'',6,1),(579,'2018-07-11 09:02:49.538185','9','xjl',3,'',6,1),(580,'2018-07-11 09:02:49.571187','7','lwy',3,'',6,1),(581,'2018-07-11 09:02:49.605189','3','xia',3,'',6,1),(582,'2018-07-11 09:19:39.897974','40','福特Mustang 2017款2.3T性能版',3,'',8,1),(583,'2018-07-12 03:58:19.240981','10','webmaster@qcsunlight.cn(找回密码)',3,'',7,1),(584,'2018-07-12 08:22:31.421674','18','zhangsan',3,'',6,1),(585,'2018-07-12 08:22:31.472677','17','rsf',3,'',6,1),(586,'2018-07-12 08:22:31.506679','16','xjl',3,'',6,1),(587,'2018-07-12 08:22:31.539681','15','yuesp',3,'',6,1),(588,'2018-07-12 08:28:56.717711','3','福特',2,'[{\"changed\": {\"fields\": [\"resevation_is_active\"]}}]',11,1),(589,'2018-07-12 08:39:52.339211','3','福特',2,'[{\"changed\": {\"fields\": [\"resevation_uname\"]}}]',11,1),(590,'2018-07-12 08:39:57.974533','2','天使预约单',2,'[{\"changed\": {\"fields\": [\"resevation_uname\"]}}]',11,1),(591,'2018-07-12 08:40:03.367842','1','天使',2,'[{\"changed\": {\"fields\": [\"resevation_uname\"]}}]',11,1),(592,'2018-07-12 08:44:33.015265','3','福特',3,'',11,1),(593,'2018-07-12 08:44:33.052267','2','天使预约单',3,'',11,1),(594,'2018-07-12 08:44:33.077268','1','天使',3,'',11,1),(595,'2018-07-12 08:48:14.007905','4','周末看车',2,'[{\"changed\": {\"fields\": [\"resevation_is_active\", \"resevation_uname\"]}}]',11,1),(596,'2018-07-12 09:09:55.178327','6','dsf',2,'[{\"changed\": {\"fields\": [\"resevation_uname\"]}}]',11,1),(597,'2018-07-12 09:13:30.953669','7','dfs',3,'',11,1),(598,'2018-07-12 09:13:30.987671','6','dsf',3,'',11,1),(599,'2018-07-12 09:13:31.012672','5','s',3,'',11,1),(600,'2018-07-12 09:13:31.046674','4','周末看车',3,'',11,1),(601,'2018-07-12 10:21:58.650616','1','属于您的私人订制',1,'[{\"added\": {}}]',18,1),(602,'2018-07-12 10:22:27.765281','2','领导时代  驾驭未来',1,'[{\"added\": {}}]',18,1),(603,'2018-07-12 10:22:50.060556','3','王者装备  演绎传奇',1,'[{\"added\": {}}]',18,1),(604,'2018-07-12 10:24:28.585192','2','领导时代  驾驭未来',2,'[{\"changed\": {\"fields\": [\"pic\"]}}]',18,1),(605,'2018-07-12 10:27:23.400190','3','王者装备  演绎传奇',2,'[{\"changed\": {\"fields\": [\"is_use\"]}}]',18,1),(606,'2018-07-12 10:27:31.223638','2','领导时代  驾驭未来',2,'[{\"changed\": {\"fields\": [\"is_use\"]}}]',18,1),(607,'2018-07-12 10:27:48.848646','3','王者装备  演绎传奇',2,'[{\"changed\": {\"fields\": [\"is_use\"]}}]',18,1),(608,'2018-07-12 10:27:48.915650','2','领导时代  驾驭未来',2,'[{\"changed\": {\"fields\": [\"is_use\"]}}]',18,1),(609,'2018-07-12 10:29:41.298078','3','王者装备  演绎传奇',2,'[{\"changed\": {\"fields\": [\"is_use\"]}}]',18,1),(610,'2018-07-12 10:29:49.111525','2','领导时代  驾驭未来',2,'[{\"changed\": {\"fields\": [\"is_use\"]}}]',18,1),(611,'2018-07-12 10:46:49.944913','3','王者装备  演绎传奇',2,'[{\"changed\": {\"fields\": [\"is_use\"]}}]',18,1),(612,'2018-07-12 10:46:50.011917','2','领导时代  驾驭未来',2,'[{\"changed\": {\"fields\": [\"is_use\"]}}]',18,1),(613,'2018-07-12 10:47:07.910941','3','王者装备  演绎传奇',2,'[{\"changed\": {\"fields\": [\"is_use\"]}}]',18,1),(614,'2018-07-12 10:47:12.720216','2','领导时代  驾驭未来',2,'[{\"changed\": {\"fields\": [\"is_use\"]}}]',18,1),(615,'2018-07-12 12:02:31.947701','20','dy',3,'',6,1),(616,'2018-07-12 12:02:51.007791','9','fds',3,'',11,1),(617,'2018-07-12 12:02:51.045793','8','s',3,'',11,1),(618,'2018-07-12 12:04:10.638345','1','属于您的私人订制',2,'[{\"changed\": {\"fields\": [\"is_use\"]}}]',18,1),(619,'2018-07-12 12:17:05.584670','1','属于您的私人订制',2,'[{\"changed\": {\"fields\": [\"is_use\"]}}]',18,1),(620,'2018-07-12 12:44:01.487094','3','王者装备  演绎传奇',2,'[{\"changed\": {\"fields\": [\"is_use\"]}}]',18,1),(621,'2018-07-12 12:44:01.554098','2','领导时代  驾驭未来',2,'[{\"changed\": {\"fields\": [\"is_use\"]}}]',18,1),(622,'2018-07-12 12:44:13.728794','3','王者装备  演绎传奇',2,'[{\"changed\": {\"fields\": [\"is_use\"]}}]',18,1),(623,'2018-07-12 13:07:22.531229','4','12',1,'[{\"added\": {}}]',18,1),(624,'2018-07-12 13:07:42.126350','4','12',3,'',18,1),(625,'2018-07-12 15:17:30.070795','10','NK',3,'',11,1),(626,'2018-07-12 15:23:09.179191','37','2018款 奔驰GLA级 GLA 200 动感型',3,'',8,1),(627,'2018-07-12 15:28:49.544659','11','别克预约单',2,'[{\"changed\": {\"fields\": [\"resevation_is_active\"]}}]',11,1),(628,'2018-07-12 15:29:29.655953','2','领导时代  驾驭未来',2,'[{\"changed\": {\"fields\": [\"is_use\"]}}]',18,1),(629,'2018-07-12 15:29:29.704956','1','属于您的私人订制',2,'[{\"changed\": {\"fields\": [\"is_use\"]}}]',18,1),(630,'2018-07-12 15:46:14.997455','1','2018款 名爵ZS 1.5L 自动豪华版',1,'[{\"added\": {}}]',20,1),(631,'2018-07-12 15:51:40.577077','2','2017款 福睿斯 1.5L 自动舒适型',1,'[{\"added\": {}}]',20,1),(632,'2018-07-12 15:51:43.689255','3','2017款 君威 28T 尊享型',1,'[{\"added\": {}}]',20,1),(633,'2018-07-12 15:51:46.982444','4','2018款 昂科威 28T 四驱精英型',1,'[{\"added\": {}}]',20,1),(634,'2018-07-12 15:51:52.474758','5','2017款 别克GL8 28T 尊享型',1,'[{\"added\": {}}]',20,1),(635,'2018-07-12 15:51:57.088022','6','2016款 雅阁 混动 2.0L 锐酷版',1,'[{\"added\": {}}]',20,1),(636,'2018-07-12 15:52:00.104194','7','2017款 凌派 1.8L CVT舒适版',1,'[{\"added\": {}}]',20,1),(637,'2018-07-12 15:52:04.373438','8','2016款 雅阁 2.0L 舒适版',1,'[{\"added\": {}}]',20,1),(638,'2018-07-12 15:52:08.603680','9','2018款 奔驰C级 C 200 L 运动版 成就特别版',1,'[{\"added\": {}}]',20,1),(639,'2018-07-12 15:52:11.891868','10','2016款 POLO 1.4L 自动风尚型',1,'[{\"added\": {}}]',20,1),(640,'2018-07-12 15:52:17.169170','11','林肯大陆 2018款2.0T 两驱尊悦版',1,'[{\"added\": {}}]',20,1),(641,'2018-07-12 15:52:22.713487','12','丰田皇冠2018款 2.0T 时尚版',1,'[{\"added\": {}}]',20,1),(642,'2018-07-12 15:52:25.615653','13','2017款 MODEL S 75D 电动全景天窗',1,'[{\"added\": {}}]',20,1),(643,'2018-07-12 15:52:31.101967','14','2018款 夏朗 380TSI 尊享型 7座',1,'[{\"added\": {}}]',20,1),(644,'2018-07-12 15:52:35.330209','15','2016款 途安L 280TSI 自动舒适版(7座版)',1,'[{\"added\": {}}]',20,1),(645,'2018-07-12 15:52:38.671400','16','大众POLO2016款1.4L自动风尚型',1,'[{\"added\": {}}]',20,1),(646,'2018-07-12 15:52:41.815580','17','2017款 帕萨特 280TSI DSG尊荣版',1,'[{\"added\": {}}]',20,1),(647,'2018-07-12 15:52:45.219775','18','捷豹XFL2018款3.0 SC 340ps 奢华版',1,'[{\"added\": {}}]',20,1),(648,'2018-07-12 15:52:49.688030','19','2015款 阳光 1.5XE CVT舒适版',1,'[{\"added\": {}}]',20,1),(649,'2018-07-12 15:52:57.090454','20','MG3 2017款 1.5L自动智联精英版',1,'[{\"added\": {}}]',20,1),(650,'2018-07-12 15:53:02.222747','21','2018款 锐腾 20T 自动豪华版',1,'[{\"added\": {}}]',20,1),(651,'2018-07-12 15:53:09.478162','22','沃尔沃 V60 2017款 2.0T T5智逸版',1,'[{\"added\": {}}]',20,1),(652,'2018-07-12 15:53:13.956418','23','沃尔沃S60 2018款 T3 智进进取版',1,'[{\"added\": {}}]',20,1),(653,'2018-07-12 15:53:17.222605','24','2018款 发现神行 240PS HSE版',1,'[{\"added\": {}}]',20,1),(654,'2018-07-12 15:53:20.303781','25','2018款 奔驰E级 改款 E 200 L',1,'[{\"added\": {}}]',20,1),(655,'2018-07-12 15:53:25.067054','26','2018款 沃尔沃S90 2.0T T4 智远版',1,'[{\"added\": {}}]',20,1),(656,'2018-07-12 15:53:56.173833','26','2018款 沃尔沃S90 2.0T T4 智远版',2,'[{\"changed\": {\"fields\": [\"weikuan\"]}}]',20,1),(657,'2018-07-12 15:53:56.240837','25','2018款 奔驰E级 改款 E 200 L',2,'[{\"changed\": {\"fields\": [\"weikuan\"]}}]',20,1),(658,'2018-07-12 16:28:21.940988','1','yue',1,'[{\"added\": {}}]',23,1),(659,'2018-07-12 16:29:16.465107','1','yue',1,'[{\"added\": {}}]',22,1),(660,'2018-07-12 16:29:51.632118','1','yue',1,'[{\"added\": {}}]',21,1),(661,'2018-07-12 16:44:58.534990','2','liu',1,'[{\"added\": {}}]',23,1),(662,'2018-07-12 17:10:41.957269','1','yue',3,'',21,1),(663,'2018-07-12 17:42:18.746759','3','xjl',1,'[{\"added\": {}}]',23,1),(664,'2018-07-12 17:42:27.446256','4','rsf',1,'[{\"added\": {}}]',23,1),(665,'2018-07-12 17:42:57.050950','21','yue',3,'',6,1),(666,'2018-07-12 23:58:50.437930','2','领导时代  驾驭未来',2,'[{\"changed\": {\"fields\": [\"is_use\"]}}]',18,1),(667,'2018-07-12 23:58:50.509934','1','属于您的私人订制',2,'[{\"changed\": {\"fields\": [\"is_use\"]}}]',18,1),(668,'2018-07-13 00:03:57.251478','13','SUV',2,'[{\"changed\": {\"fields\": [\"resevation_is_active\"]}}]',11,1),(669,'2018-07-13 00:14:06.889348','2','领导时代  驾驭未来',2,'[{\"changed\": {\"fields\": [\"is_use\"]}}]',18,1),(670,'2018-07-13 00:14:06.956352','1','属于您的私人订制',2,'[{\"changed\": {\"fields\": [\"is_use\"]}}]',18,1),(671,'2018-07-13 00:17:37.859415','14','奔驰',2,'[{\"changed\": {\"fields\": [\"resevation_is_active\"]}}]',11,1),(672,'2018-07-13 01:31:17.847223','1','属于您的私人订制',2,'[{\"changed\": {\"fields\": [\"is_use\"]}}]',18,1),(673,'2018-07-13 01:32:09.555181','45','2016款 途安L 280TSI 自动舒适版(7座版)',3,'',8,1),(674,'2018-07-13 01:35:03.297118','15','别克',2,'[{\"changed\": {\"fields\": [\"resevation_is_active\"]}}]',11,1);
/*!40000 ALTER TABLE `django_admin_log` ENABLE KEYS */;
UNLOCK TABLES;

--
-- Table structure for table `django_content_type`
--

DROP TABLE IF EXISTS `django_content_type`;
/*!40101 SET @saved_cs_client     = @@character_set_client */;
/*!40101 SET character_set_client = utf8 */;
CREATE TABLE `django_content_type` (
  `id` int(11) NOT NULL AUTO_INCREMENT,
  `app_label` varchar(100) NOT NULL,
  `model` varchar(100) NOT NULL,
  PRIMARY KEY (`id`),
  UNIQUE KEY `django_content_type_app_label_model_76bd3d3b_uniq` (`app_label`,`model`)
) ENGINE=InnoDB AUTO_INCREMENT=24 DEFAULT CHARSET=utf8;
/*!40101 SET character_set_client = @saved_cs_client */;

--
-- Dumping data for table `django_content_type`
--

LOCK TABLES `django_content_type` WRITE;
/*!40000 ALTER TABLE `django_content_type` DISABLE KEYS */;
INSERT INTO `django_content_type` VALUES (1,'admin','logentry'),(2,'auth','group'),(3,'auth','permission'),(7,'authen','emailverify'),(6,'authen','user'),(8,'car','car'),(10,'car','carbrand'),(13,'car','carimage'),(18,'car','carousel'),(20,'car','carprice'),(9,'car','carspecialarea'),(12,'car','cartype'),(16,'car','favorite'),(15,'car','importdata'),(14,'car','importdatafro'),(17,'car','importdataimages'),(11,'car','resevationlist'),(4,'contenttypes','contenttype'),(5,'sessions','session'),(22,'usercenter','accountrecord'),(19,'usercenter','notice'),(21,'usercenter','payrecord'),(23,'usercenter','useraccount');
/*!40000 ALTER TABLE `django_content_type` ENABLE KEYS */;
UNLOCK TABLES;

--
-- Table structure for table `django_migrations`
--

DROP TABLE IF EXISTS `django_migrations`;
/*!40101 SET @saved_cs_client     = @@character_set_client */;
/*!40101 SET character_set_client = utf8 */;
CREATE TABLE `django_migrations` (
  `id` int(11) NOT NULL AUTO_INCREMENT,
  `app` varchar(255) NOT NULL,
  `name` varchar(255) NOT NULL,
  `applied` datetime(6) NOT NULL,
  PRIMARY KEY (`id`)
) ENGINE=InnoDB AUTO_INCREMENT=31 DEFAULT CHARSET=utf8;
/*!40101 SET character_set_client = @saved_cs_client */;

--
-- Dumping data for table `django_migrations`
--

LOCK TABLES `django_migrations` WRITE;
/*!40000 ALTER TABLE `django_migrations` DISABLE KEYS */;
INSERT INTO `django_migrations` VALUES (1,'contenttypes','0001_initial','2018-07-06 03:24:49.594804'),(2,'contenttypes','0002_remove_content_type_name','2018-07-06 03:24:49.723104'),(3,'auth','0001_initial','2018-07-06 03:24:50.151394'),(4,'auth','0002_alter_permission_name_max_length','2018-07-06 03:24:50.204966'),(5,'auth','0003_alter_user_email_max_length','2018-07-06 03:24:50.212032'),(6,'auth','0004_alter_user_username_opts','2018-07-06 03:24:50.220314'),(7,'auth','0005_alter_user_last_login_null','2018-07-06 03:24:50.227349'),(8,'auth','0006_require_contenttypes_0002','2018-07-06 03:24:50.230943'),(9,'auth','0007_alter_validators_add_error_messages','2018-07-06 03:24:50.237224'),(10,'auth','0008_alter_user_username_max_length','2018-07-06 03:24:50.243778'),(11,'authen','0001_initial','2018-07-06 03:24:50.428040'),(12,'admin','0001_initial','2018-07-06 03:24:50.486677'),(13,'admin','0002_logentry_remove_auto_add','2018-07-06 03:24:50.519465'),(14,'car','0001_initial','2018-07-06 03:24:51.109483'),(15,'sessions','0001_initial','2018-07-06 03:24:51.169520'),(16,'car','0002_importdataimages','2018-07-09 08:38:14.083273'),(17,'car','0003_auto_20180710_1143','2018-07-10 03:43:22.382667'),(18,'car','0004_resevationlist_resevation_uname','2018-07-12 08:38:53.621852'),(19,'car','0005_carousel','2018-07-12 10:14:30.090960'),(20,'car','0006_auto_20180712_1826','2018-07-12 10:26:58.859787'),(21,'usercenter','0001_initial','2018-07-12 11:35:30.050934'),(22,'car','0007_auto_20180712_2103','2018-07-12 13:03:50.228086'),(23,'car','0008_carprice','2018-07-12 15:44:19.426845'),(24,'car','0009_auto_20180712_2351','2018-07-12 15:51:27.292317'),(25,'usercenter','0002_accountrecord_payrecord_useraccount','2018-07-12 16:18:43.163884'),(26,'usercenter','0003_auto_20180713_0058','2018-07-12 16:58:53.498747'),(27,'usercenter','0004_payrecord_pay_time','2018-07-12 17:05:01.940821'),(28,'usercenter','0005_auto_20180713_0109','2018-07-12 17:11:00.814347'),(29,'usercenter','0006_auto_20180713_0125','2018-07-12 17:25:12.816079'),(30,'usercenter','0007_auto_20180713_0144','2018-07-12 17:44:58.078872');
/*!40000 ALTER TABLE `django_migrations` ENABLE KEYS */;
UNLOCK TABLES;

--
-- Table structure for table `django_session`
--

DROP TABLE IF EXISTS `django_session`;
/*!40101 SET @saved_cs_client     = @@character_set_client */;
/*!40101 SET character_set_client = utf8 */;
CREATE TABLE `django_session` (
  `session_key` varchar(40) NOT NULL,
  `session_data` longtext NOT NULL,
  `expire_date` datetime(6) NOT NULL,
  PRIMARY KEY (`session_key`),
  KEY `django_session_expire_date_a5c62663` (`expire_date`)
) ENGINE=InnoDB DEFAULT CHARSET=utf8;
/*!40101 SET character_set_client = @saved_cs_client */;

--
-- Dumping data for table `django_session`
--

LOCK TABLES `django_session` WRITE;
/*!40000 ALTER TABLE `django_session` DISABLE KEYS */;
INSERT INTO `django_session` VALUES ('078fj4vsf6gxuyih0j4kc9atebekkuw6','Zjg4OTIxY2FmM2MwMDRkNjEyOGE5ZTIwOWI4MGQyMTkxMmI2ZDIxZjp7Il9hdXRoX3VzZXJfYmFja2VuZCI6ImRqYW5nby5jb250cmliLmF1dGguYmFja2VuZHMuTW9kZWxCYWNrZW5kIiwiX2F1dGhfdXNlcl9pZCI6IjEiLCJfYXV0aF91c2VyX2hhc2giOiJmMWYxZTBiMTFlNDhjZDYwOGY5YzAzZGI0MTdhOGY5OTQwZTQzMzg1In0=','2018-07-20 07:40:39.901600'),('0hlzmu3pfjajr1hezulkjwtu6zkf2mw6','MTNmM2E3NDY5ZDZhYTljMzc2MDg4MzAxNjdmMDkzOTJiY2M2MmU0YTp7ImxvZ2luX2Zyb20iOiJodHRwczovL21jLnFjc3VubGlnaHQuY24vY2FyLyIsIl9hdXRoX3VzZXJfaWQiOiIyMCIsIl9hdXRoX3VzZXJfYmFja2VuZCI6ImRqYW5nby5jb250cmliLmF1dGguYmFja2VuZHMuTW9kZWxCYWNrZW5kIiwiX2F1dGhfdXNlcl9oYXNoIjoiMThkNDA5NjZkODY3NjAwODgyNGM3YjYyMTc1MDU2ZGExZDU4MTA4OCJ9','2018-07-26 09:33:52.895560'),('1hz8h3fskt4b2eahq1h5ba0778vumcsj','MjViZDNjNzQwMjZjNmVjY2JjNDQ2ODk2MGY5NWE3NjUzYmJjMzBmYzp7ImxvZ2luX2Zyb20iOiJodHRwOi8vMTcyLjI5LjcuNy9yZWdpc3Rlci8iLCJfYXV0aF91c2VyX2lkIjoiMSIsIl9hdXRoX3VzZXJfYmFja2VuZCI6ImRqYW5nby5jb250cmliLmF1dGguYmFja2VuZHMuTW9kZWxCYWNrZW5kIiwiX2F1dGhfdXNlcl9oYXNoIjoiZjFmMWUwYjExZTQ4Y2Q2MDhmOWMwM2RiNDE3YThmOTk0MGU0MzM4NSJ9','2018-07-25 03:09:54.094019'),('2y6iw96in5gdolr8o58ig6twyvflq5d6','NzZjNDU2MTVlMTc2MzMxNjM4ODI3YTIzOGM3ZmJlZGM4ZmJkYzVmNjp7ImxvZ2luX2Zyb20iOiJodHRwczovL21jLnFjc3VubGlnaHQuY24vY2FyLyIsIl9hdXRoX3VzZXJfaWQiOiIyNCIsIl9hdXRoX3VzZXJfYmFja2VuZCI6ImRqYW5nby5jb250cmliLmF1dGguYmFja2VuZHMuTW9kZWxCYWNrZW5kIiwiX2F1dGhfdXNlcl9oYXNoIjoiMGIyYTY2NmZkZTJkZmE1NTVlY2Y3NGJiOTZhYWFkZWUyZWNlN2I1MiJ9','2018-07-27 01:54:42.602571'),('4kd525tupz4x40wrbmfx62xqp6spkvj4','ZTBlYWI4ZjBlNTViNDAyMWUwMjA4NThhMWIwMzgyMDZjNGQ2OTQwZDp7ImxvZ2luX2Zyb20iOiJodHRwczovL21jLnFjc3VubGlnaHQuY24vY2FyLyJ9','2018-07-26 15:31:58.621473'),('5azkqb62aafj0162c9s2nv5lpegdcznh','NzZmNWRiMzFhYzExMzJkZmRkMzNmODNmMjUxMDA0NjY0NjY1ZmY2NDp7ImxvZ2luX2Zyb20iOiJodHRwczovL21jLnFjc3VubGlnaHQuY24vY2FyL2RldGFpbC8zNSIsIl9hdXRoX3VzZXJfaWQiOiIxNiIsIl9hdXRoX3VzZXJfYmFja2VuZCI6ImRqYW5nby5jb250cmliLmF1dGguYmFja2VuZHMuTW9kZWxCYWNrZW5kIiwiX2F1dGhfdXNlcl9oYXNoIjoiNTg4MmY5NGFjNWZmYWVkMmVlY2E4ODVmNDI3ZTQ3YTUyNzc0MjM4YiJ9','2018-07-26 11:32:23.185245'),('5kttr6hygmkg8kh64948rpuhfg8d5bvi','NzE3ZDc0MzhmM2I2ZGY3MjU3MmRjNGE3OWNkZTYwNzdlZTc4MTAyYjp7ImxvZ2luX2Zyb20iOiIifQ==','2018-07-25 08:58:54.388735'),('5w9m09dshxvn5er4x60nthjnj1xybxhl','NzUzYjc2MmNhNjYzMDAwZDljNmNlYWNkMjBjNzExYjExMDc5YWFjOTp7Il9hdXRoX3VzZXJfYmFja2VuZCI6ImRqYW5nby5jb250cmliLmF1dGguYmFja2VuZHMuTW9kZWxCYWNrZW5kIiwiX2F1dGhfdXNlcl9pZCI6IjMiLCJsb2dpbl9mcm9tIjoiaHR0cDovLzE3Mi4yOS43LjIxNjo5MDAwL2Nhci9kZXRhaWwvNSIsIl9hdXRoX3VzZXJfaGFzaCI6IjhlMzkxNmMyYjEzODM0OTI1MTFjNTk5MzRjYmYyMjdlYWQ2YTM5MTcifQ==','2018-07-20 08:59:10.071991'),('658webcq2d4nnh9s799xi4cyn12zmf7n','Zjg4OTIxY2FmM2MwMDRkNjEyOGE5ZTIwOWI4MGQyMTkxMmI2ZDIxZjp7Il9hdXRoX3VzZXJfYmFja2VuZCI6ImRqYW5nby5jb250cmliLmF1dGguYmFja2VuZHMuTW9kZWxCYWNrZW5kIiwiX2F1dGhfdXNlcl9pZCI6IjEiLCJfYXV0aF91c2VyX2hhc2giOiJmMWYxZTBiMTFlNDhjZDYwOGY5YzAzZGI0MTdhOGY5OTQwZTQzMzg1In0=','2018-07-20 07:40:11.631849'),('6eunsn5czyuhxwgm5itse7ge20ef8jz8','OWRmNzA4M2RhNDUwZDkzNTk2MDYwNWI0OTZhZmMwYmYwN2U2MzBmNzp7ImxvZ2luX2Zyb20iOiJodHRwOi8vMTcyLjI5LjcuNy9jYXIvZGV0YWlsLzMwIiwiX2F1dGhfdXNlcl9pZCI6IjkiLCJfYXV0aF91c2VyX2JhY2tlbmQiOiJkamFuZ28uY29udHJpYi5hdXRoLmJhY2tlbmRzLk1vZGVsQmFja2VuZCIsIl9hdXRoX3VzZXJfaGFzaCI6ImU0MDk5ODllYTcxNzliMTI0YWZkNDA2YjNjOGU1ZTU4ZmQzMzE2NGEifQ==','2018-07-25 00:53:11.784873'),('6s1dyhw2yejgunbouqulqpjmk2hexz9j','ZDQxMWY0OTA0OGQ1ZTYzYTVmZGY5MTg0NWMwMjI1ZWFjZjg0NDc4NDp7ImxvZ2luX2Zyb20iOiJodHRwczovL21jLnFjc3VubGlnaHQuY24vY2FyL2ZpbHRlci8ifQ==','2018-07-25 10:30:10.514952'),('7by39rbhnkf590ovok68a35op6c4y03v','OTAxNTY5NTgxMjgxNjkyYzNiMWM4M2JmZGJiNDcwNDY4Nzc2ODhiNjp7ImxvZ2luX2Zyb20iOiJodHRwOi8vMTcyLjI5LjcuNy9jYXIvZmlsdGVyLyJ9','2018-07-25 02:23:40.793395'),('9gf1fsxj1gi22mrufz5c4y6z35zje9bd','Zjg4OTIxY2FmM2MwMDRkNjEyOGE5ZTIwOWI4MGQyMTkxMmI2ZDIxZjp7Il9hdXRoX3VzZXJfYmFja2VuZCI6ImRqYW5nby5jb250cmliLmF1dGguYmFja2VuZHMuTW9kZWxCYWNrZW5kIiwiX2F1dGhfdXNlcl9pZCI6IjEiLCJfYXV0aF91c2VyX2hhc2giOiJmMWYxZTBiMTFlNDhjZDYwOGY5YzAzZGI0MTdhOGY5OTQwZTQzMzg1In0=','2018-07-20 07:08:13.666659'),('a7as571w3084raq4vv4aqyw522aa7poo','MDJlNzVlZGY4MjNmNzcxMDg0MzNhMTIwMGFiYzY0YmUyM2M1YTMxMDp7Il9hdXRoX3VzZXJfaGFzaCI6ImYxZjFlMGIxMWU0OGNkNjA4ZjljMDNkYjQxN2E4Zjk5NDBlNDMzODUiLCJsb2dpbl9mcm9tIjoiaHR0cDovLzE3Mi4yOS43LjE5OTo3MDAwL2Nhci8iLCJfYXV0aF91c2VyX2JhY2tlbmQiOiJkamFuZ28uY29udHJpYi5hdXRoLmJhY2tlbmRzLk1vZGVsQmFja2VuZCIsIl9hdXRoX3VzZXJfaWQiOiIxIn0=','2018-07-24 08:10:20.216932'),('anyrmlsfqgkysmguxwqjkduuczz1qglv','NGYzYWY2NGRlN2E3MDgyYmUxNDJlMjY5ZGQ0MGY2ZDA2ZGYxYzI0YTp7ImxvZ2luX2Zyb20iOiJodHRwOi8vbWMucWNzdW5saWdodC5jbi9hY3RpdmUvTXZEZHdjUEJTODNaY1NvNGZvT1liRGE0ejh1QUY5eFNIQkJWeTU3Tng3T0NZbW1HZ1EvIn0=','2018-07-25 08:40:02.964021'),('b1ae8wb7pe56w8y2tczh9l1ashaa3606','MGQ5YWIyMjgwNWFkZmViYWFkNjg1OThmNTQ4M2Y5ZDQ3ZTM1OGI0Mzp7Il9hdXRoX3VzZXJfaWQiOiIxIiwiX2F1dGhfdXNlcl9iYWNrZW5kIjoiZGphbmdvLmNvbnRyaWIuYXV0aC5iYWNrZW5kcy5Nb2RlbEJhY2tlbmQiLCJfYXV0aF91c2VyX2hhc2giOiJmMWYxZTBiMTFlNDhjZDYwOGY5YzAzZGI0MTdhOGY5OTQwZTQzMzg1In0=','2018-07-26 15:16:53.791720'),('bvj1npku0reebv1iptngqjsfk1diajlz','MDA1OTYwMjI2ZjJkNWI2YTZiYzVjZmNkMjBjYTk2MDRmZDdjMTIwMjp7Il9hdXRoX3VzZXJfaWQiOiIxIiwiX2F1dGhfdXNlcl9oYXNoIjoiZjFmMWUwYjExZTQ4Y2Q2MDhmOWMwM2RiNDE3YThmOTk0MGU0MzM4NSIsIl9hdXRoX3VzZXJfYmFja2VuZCI6ImRqYW5nby5jb250cmliLmF1dGguYmFja2VuZHMuTW9kZWxCYWNrZW5kIiwibG9naW5fZnJvbSI6Imh0dHA6Ly9sb2NhbGhvc3Q6ODAwMC9jYXIvIn0=','2018-07-24 10:20:45.453108'),('c6oh4dauo9rcl0t9i76pc1b36n6mwtz5','MjE4YTkxYjRhM2U2MjVjYjRkZTg3Yzk5NTI1YTMyOGZkNmY2Yjk1ODp7ImxvZ2luX2Zyb20iOiJodHRwOi8vMTcyLjI5LjcuNy9jYXIvIn0=','2018-07-25 08:34:06.427629'),('cphnyaxpe33sxmutv4ynjjcos77uqv6m','ZTBlYWI4ZjBlNTViNDAyMWUwMjA4NThhMWIwMzgyMDZjNGQ2OTQwZDp7ImxvZ2luX2Zyb20iOiJodHRwczovL21jLnFjc3VubGlnaHQuY24vY2FyLyJ9','2018-07-27 00:54:50.920138'),('duo47rnf5bv46i13jsxh0md56njkrc9v','NDFiYThhMDQ0NGE1OGJlNWM5ZDAzYzcwNWEwZTljNzQ2YzZjZDkwZTp7ImxvZ2luX2Zyb20iOiJodHRwczovL21jLnFjc3VubGlnaHQuY24vY2FyLyIsIl9hdXRoX3VzZXJfaWQiOiIyMyIsIl9hdXRoX3VzZXJfYmFja2VuZCI6ImRqYW5nby5jb250cmliLmF1dGguYmFja2VuZHMuTW9kZWxCYWNrZW5kIiwiX2F1dGhfdXNlcl9oYXNoIjoiZjViNDFlMmM2YzZjYmQwYWE0MTU5YzY2ZDU2MWZhMDM2N2ZkZTEzMiJ9','2018-07-27 01:08:41.617651'),('dyrnk5yjdttl59xoyia07dpdp1xyo48j','Y2E2MTZlYzU2NThkNmRiNjU3YmQ5ZTlkYjU5N2E2YzUwZTNlNjI0MDp7ImxvZ2luX2Zyb20iOiJodHRwczovL21jLnFjc3VubGlnaHQuY24vY2FyL2RldGFpbC8zNyIsIl9hdXRoX3VzZXJfaWQiOiIxNSIsIl9hdXRoX3VzZXJfYmFja2VuZCI6ImRqYW5nby5jb250cmliLmF1dGguYmFja2VuZHMuTW9kZWxCYWNrZW5kIiwiX2F1dGhfdXNlcl9oYXNoIjoiYjdkYThjMTY5YTcyOTgzNzMzOTJkOGI3ODM4OWQwZTg2MTIwNjAwYSJ9','2018-07-25 10:13:51.713967'),('e0ewhg3bxhr32pov60cqj35bvwabeuvy','YmU3ZmVmZmY0YmQ2ZGVhNjE2OTRiZjAxNDU0OGNhNDIxNWEyOGJjOTp7ImxvZ2luX2Zyb20iOiJodHRwczovL21jLnFjc3VubGlnaHQuY24vY2FyLyIsIl9hdXRoX3VzZXJfaWQiOiIxIiwiX2F1dGhfdXNlcl9iYWNrZW5kIjoiZGphbmdvLmNvbnRyaWIuYXV0aC5iYWNrZW5kcy5Nb2RlbEJhY2tlbmQiLCJfYXV0aF91c2VyX2hhc2giOiJmMWYxZTBiMTFlNDhjZDYwOGY5YzAzZGI0MTdhOGY5OTQwZTQzMzg1In0=','2018-07-27 01:20:55.052602'),('e2r2yqqsgyo50caadal2zpqvpjaciksx','MTgwOTI3MjJiYzdmYjJjOGZjNTcxOTNlYzYxODFhZDZkMzU1NTZkYTp7ImxvZ2luX2Zyb20iOiJodHRwOi8vMTcyLjI5LjcuNy9jYXIvZmlsdGVyLyIsIl9hdXRoX3VzZXJfaWQiOiI5IiwiX2F1dGhfdXNlcl9iYWNrZW5kIjoiZGphbmdvLmNvbnRyaWIuYXV0aC5iYWNrZW5kcy5Nb2RlbEJhY2tlbmQiLCJfYXV0aF91c2VyX2hhc2giOiJlNDA5OTg5ZWE3MTc5YjEyNGFmZDQwNmIzYzhlNWU1OGZkMzMxNjRhIn0=','2018-07-25 08:23:48.535287'),('fammo9fzztcn4w0sfvdlb7ky6qmdfqjj','ZWRkY2U2YTRmZjUxODUxMTE1OWI3Y2Y5NzM5ZGM0YjcwNzIxNzY0Mzp7ImxvZ2luX2Zyb20iOiJodHRwOi8vMTcyLjI5LjcuNy9jYXIvZGV0YWlsLzM2In0=','2018-07-25 08:18:36.537442'),('h85f00hxxbqkv0h2jf36q4rblvy68a1i','ZTdlZTY0NTY4ODg1ZWRkNjEzNGNjNmI1ZmM0OThiODY3ZDAzMzM4MTp7ImxvZ2luX2Zyb20iOiJodHRwczovL21jLnFjc3VubGlnaHQuY24vY2FyL2RldGFpbC80MiIsIl9hdXRoX3VzZXJfaWQiOiIyMiIsIl9hdXRoX3VzZXJfYmFja2VuZCI6ImRqYW5nby5jb250cmliLmF1dGguYmFja2VuZHMuTW9kZWxCYWNrZW5kIiwiX2F1dGhfdXNlcl9oYXNoIjoiNmEzOTUxNmRlNDgxYTFhYjdhNGZjNzlmNjY5NDE5ZjMyZmUyZmFkZiJ9','2018-07-27 02:11:02.733631'),('hb07ysrnuy98kri76b2tayyzghr23a6u','Zjg4OTIxY2FmM2MwMDRkNjEyOGE5ZTIwOWI4MGQyMTkxMmI2ZDIxZjp7Il9hdXRoX3VzZXJfYmFja2VuZCI6ImRqYW5nby5jb250cmliLmF1dGguYmFja2VuZHMuTW9kZWxCYWNrZW5kIiwiX2F1dGhfdXNlcl9pZCI6IjEiLCJfYXV0aF91c2VyX2hhc2giOiJmMWYxZTBiMTFlNDhjZDYwOGY5YzAzZGI0MTdhOGY5OTQwZTQzMzg1In0=','2018-07-20 07:47:19.123332'),('hqkmeppcebr2y7pley1ltno3cxj7daqt','MTc5YmZkNGM0YmU0ZmFhNjk2ZmEyNzgzZjNjZTVjNWU1M2JlNjlkYjp7Il9hdXRoX3VzZXJfYmFja2VuZCI6ImRqYW5nby5jb250cmliLmF1dGguYmFja2VuZHMuTW9kZWxCYWNrZW5kIiwiX2F1dGhfdXNlcl9pZCI6IjgiLCJfYXV0aF91c2VyX2hhc2giOiI2ZTUzNWM2YTVkZjZlZWNjMDQ5NjU4OWQ0MzU0NzgzNDQ1N2NjNDFmIiwibG9naW5fZnJvbSI6Imh0dHA6Ly8xNzIuMjkuNy4xOTk6OTAwMC9yZWdpc3Rlci8ifQ==','2018-07-23 07:16:18.358339'),('iaoxus0ryxebygyggevm5xu1k75glm24','NmQwMDM3OGExMTBmNWMzOWQ0NGNkOGY0ZWY2MjE5NTliNTdmODdmNTp7Il9hdXRoX3VzZXJfYmFja2VuZCI6ImRqYW5nby5jb250cmliLmF1dGguYmFja2VuZHMuTW9kZWxCYWNrZW5kIiwiX2F1dGhfdXNlcl9oYXNoIjoiOGUzOTE2YzJiMTM4MzQ5MjUxMWM1OTkzNGNiZjIyN2VhZDZhMzkxNyIsImxvZ2luX2Zyb20iOiJodHRwOi8vMTcyLjI5LjcuMTk5OjkwMDAvY2FyLyIsIl9hdXRoX3VzZXJfaWQiOiIzIn0=','2018-07-24 02:10:55.712778'),('ipdbzsitue4h12uwtvl5svdkkjbf1vga','YmU3ZmVmZmY0YmQ2ZGVhNjE2OTRiZjAxNDU0OGNhNDIxNWEyOGJjOTp7ImxvZ2luX2Zyb20iOiJodHRwczovL21jLnFjc3VubGlnaHQuY24vY2FyLyIsIl9hdXRoX3VzZXJfaWQiOiIxIiwiX2F1dGhfdXNlcl9iYWNrZW5kIjoiZGphbmdvLmNvbnRyaWIuYXV0aC5iYWNrZW5kcy5Nb2RlbEJhY2tlbmQiLCJfYXV0aF91c2VyX2hhc2giOiJmMWYxZTBiMTFlNDhjZDYwOGY5YzAzZGI0MTdhOGY5OTQwZTQzMzg1In0=','2018-07-26 23:52:37.772614'),('jq963l8j4i42gupefuuenr7ki3k584uf','Zjg4OTIxY2FmM2MwMDRkNjEyOGE5ZTIwOWI4MGQyMTkxMmI2ZDIxZjp7Il9hdXRoX3VzZXJfYmFja2VuZCI6ImRqYW5nby5jb250cmliLmF1dGguYmFja2VuZHMuTW9kZWxCYWNrZW5kIiwiX2F1dGhfdXNlcl9pZCI6IjEiLCJfYXV0aF91c2VyX2hhc2giOiJmMWYxZTBiMTFlNDhjZDYwOGY5YzAzZGI0MTdhOGY5OTQwZTQzMzg1In0=','2018-07-20 07:44:21.378300'),('k2d9236ufbgbiauslz31zq6gklxgg2of','YmU3ZmVmZmY0YmQ2ZGVhNjE2OTRiZjAxNDU0OGNhNDIxNWEyOGJjOTp7ImxvZ2luX2Zyb20iOiJodHRwczovL21jLnFjc3VubGlnaHQuY24vY2FyLyIsIl9hdXRoX3VzZXJfaWQiOiIxIiwiX2F1dGhfdXNlcl9iYWNrZW5kIjoiZGphbmdvLmNvbnRyaWIuYXV0aC5iYWNrZW5kcy5Nb2RlbEJhY2tlbmQiLCJfYXV0aF91c2VyX2hhc2giOiJmMWYxZTBiMTFlNDhjZDYwOGY5YzAzZGI0MTdhOGY5OTQwZTQzMzg1In0=','2018-07-26 03:58:10.855501'),('k8wb449fw6wdynusvo9mbjje9nh4e0s1','MGQ5YWIyMjgwNWFkZmViYWFkNjg1OThmNTQ4M2Y5ZDQ3ZTM1OGI0Mzp7Il9hdXRoX3VzZXJfaWQiOiIxIiwiX2F1dGhfdXNlcl9iYWNrZW5kIjoiZGphbmdvLmNvbnRyaWIuYXV0aC5iYWNrZW5kcy5Nb2RlbEJhY2tlbmQiLCJfYXV0aF91c2VyX2hhc2giOiJmMWYxZTBiMTFlNDhjZDYwOGY5YzAzZGI0MTdhOGY5OTQwZTQzMzg1In0=','2018-07-26 12:43:50.486465'),('kkkwt52vsa5h2w7khxfkrzk5tgg5cty3','NzE3ZDc0MzhmM2I2ZGY3MjU3MmRjNGE3OWNkZTYwNzdlZTc4MTAyYjp7ImxvZ2luX2Zyb20iOiIifQ==','2018-07-26 08:32:49.598031'),('l09g21h2a1kg9j1n142smlu1xiitf7rm','NWVhM2Y3NWFhNjcwNjkxZWE5MDBjNGU3OWRjNjkwNTQ5ZTViNDRlNzp7ImxvZ2luX2Zyb20iOiJodHRwczovL21jLnFjc3VubGlnaHQuY24vY2FyL2RldGFpbC8zMCJ9','2018-07-26 13:32:12.619458'),('lflp8rjgoau6ugmv79omjwurh3180ldb','MDA1NzI4ZDdhNGViODg0ZGY3NGZhMWYyZjVmOGIxNDE4NDFjNjg0Yzp7ImxvZ2luX2Zyb20iOiJodHRwOi8vMTcyLjI5LjcuMTk5OjcwMDAvY2FyLyJ9','2018-07-24 10:02:06.522278'),('nfdifcvydexxbkyjxomqqstz41q8ndgl','ODM3YzBlNjA0YjYzNDM2NGViOGFhMTJlNTBkY2VhYzkzZGQ3ZTRiMTp7ImxvZ2luX2Zyb20iOiJodHRwOi8vMTcyLjI5LjcuMjE2OjkwMDAvY2FyL2RldGFpbC81In0=','2018-07-20 08:57:48.981452'),('nim1ar2uqwrqjwq2cvhk1ui31a1xbsq5','YTExZWY4M2M1ZDA0NTdjZWRiOGQ2Nzc1YTU4NjIxMDdmYmE3YmQwMTp7ImxvZ2luX2Zyb20iOiJodHRwczovL21jLnFjc3VubGlnaHQuY24vY2FyLyIsIl9hdXRoX3VzZXJfaWQiOiIxOSIsIl9hdXRoX3VzZXJfYmFja2VuZCI6ImRqYW5nby5jb250cmliLmF1dGguYmFja2VuZHMuTW9kZWxCYWNrZW5kIiwiX2F1dGhfdXNlcl9oYXNoIjoiZTE2OWU4YjQ2ODMxYzE3N2EwMTcyODYxZTFlNDJmMmY3N2YwMTA5NCJ9','2018-07-26 14:27:21.536717'),('osspjwpe1m0om0e1g35gavhi5t003hvr','N2MzMTQxMmNiZDg4YjUwNjU1YThmMTI0ZTg1ZmM3NzZiZWYwZjljNjp7ImxvZ2luX2Zyb20iOiJodHRwczovL21jLnFjc3VubGlnaHQuY24vY2FyL2RldGFpbC8zOCJ9','2018-07-27 00:07:54.931073'),('pn8op2ekodyly5bhex01gbo1fdh779kf','NDIwMDk5NWFhYmE1Y2I2MjAxOTUwN2Q5ZjQxMzI4NWY0Mzg5ODcxOTp7Il9hdXRoX3VzZXJfaWQiOiIxIiwiX2F1dGhfdXNlcl9oYXNoIjoiZjFmMWUwYjExZTQ4Y2Q2MDhmOWMwM2RiNDE3YThmOTk0MGU0MzM4NSIsIl9hdXRoX3VzZXJfYmFja2VuZCI6ImRqYW5nby5jb250cmliLmF1dGguYmFja2VuZHMuTW9kZWxCYWNrZW5kIn0=','2018-07-20 03:27:36.927287'),('qnd2qu9pd7eh0oz8yn2exmbrmjrrfx6d','ZTI5OGM2MjkzNDE4NTYxOWIyMDQ3OTc3MTE2OGVmYzE2YWZjYjUxNzp7Il9hdXRoX3VzZXJfaWQiOiIzIiwiX2F1dGhfdXNlcl9iYWNrZW5kIjoiZGphbmdvLmNvbnRyaWIuYXV0aC5iYWNrZW5kcy5Nb2RlbEJhY2tlbmQiLCJsb2dpbl9mcm9tIjoiaHR0cDovLzE3Mi4yOS43LjE5OTo5MDAwL2Nhci8iLCJfYXV0aF91c2VyX2hhc2giOiI4ZTM5MTZjMmIxMzgzNDkyNTExYzU5OTM0Y2JmMjI3ZWFkNmEzOTE3In0=','2018-07-23 03:07:02.171980'),('qpseb6llbe0vcbxxi00ta5kcp4k30jv2','NzhiZTAyM2JiOTMyNWM2MTc2M2M3MzUyYTkzYTU5ZDk5NzI3OTJjMzp7ImxvZ2luX2Zyb20iOiJodHRwczovL21jLnFjc3VubGlnaHQuY24vY2FyLyIsIl9hdXRoX3VzZXJfaWQiOiIxNiIsIl9hdXRoX3VzZXJfYmFja2VuZCI6ImRqYW5nby5jb250cmliLmF1dGguYmFja2VuZHMuTW9kZWxCYWNrZW5kIiwiX2F1dGhfdXNlcl9oYXNoIjoiNTg4MmY5NGFjNWZmYWVkMmVlY2E4ODVmNDI3ZTQ3YTUyNzc0MjM4YiJ9','2018-07-26 02:33:26.797710'),('qy76rivyxifnnio34m8e53tvfhrqsxlf','NDIwMDk5NWFhYmE1Y2I2MjAxOTUwN2Q5ZjQxMzI4NWY0Mzg5ODcxOTp7Il9hdXRoX3VzZXJfaWQiOiIxIiwiX2F1dGhfdXNlcl9oYXNoIjoiZjFmMWUwYjExZTQ4Y2Q2MDhmOWMwM2RiNDE3YThmOTk0MGU0MzM4NSIsIl9hdXRoX3VzZXJfYmFja2VuZCI6ImRqYW5nby5jb250cmliLmF1dGguYmFja2VuZHMuTW9kZWxCYWNrZW5kIn0=','2018-07-20 03:26:57.304207'),('ucls1781rwuxyq6mt6yfurxdkkssayl6','MGQ5YWIyMjgwNWFkZmViYWFkNjg1OThmNTQ4M2Y5ZDQ3ZTM1OGI0Mzp7Il9hdXRoX3VzZXJfaWQiOiIxIiwiX2F1dGhfdXNlcl9iYWNrZW5kIjoiZGphbmdvLmNvbnRyaWIuYXV0aC5iYWNrZW5kcy5Nb2RlbEJhY2tlbmQiLCJfYXV0aF91c2VyX2hhc2giOiJmMWYxZTBiMTFlNDhjZDYwOGY5YzAzZGI0MTdhOGY5OTQwZTQzMzg1In0=','2018-07-23 08:35:58.915257'),('v2c2i8s1hqm74el3vlmba7r909ud0mv3','YTgyOWFlYzc4ZTJhNWJjZjYzOGJjY2UzMDliMGQyNWU5YjE2NGNhMjp7ImxvZ2luX2Zyb20iOiJodHRwOi8vMTcyLjI5LjcuMTk5OjkwMDAvY2FyLyJ9','2018-07-24 02:09:46.249294'),('vcqwt613sumwbedd48b2pps22s46430v','YmU3ZmVmZmY0YmQ2ZGVhNjE2OTRiZjAxNDU0OGNhNDIxNWEyOGJjOTp7ImxvZ2luX2Zyb20iOiJodHRwczovL21jLnFjc3VubGlnaHQuY24vY2FyLyIsIl9hdXRoX3VzZXJfaWQiOiIxIiwiX2F1dGhfdXNlcl9iYWNrZW5kIjoiZGphbmdvLmNvbnRyaWIuYXV0aC5iYWNrZW5kcy5Nb2RlbEJhY2tlbmQiLCJfYXV0aF91c2VyX2hhc2giOiJmMWYxZTBiMTFlNDhjZDYwOGY5YzAzZGI0MTdhOGY5OTQwZTQzMzg1In0=','2018-07-26 12:02:12.980616'),('vnnk1unkoeoyi8entl1bsu4h0w21c0ui','MDQ2OTlmNmY2MTcyYmYyNGRlNDYyOTVlYmRkMzhmYjg1ZmU5MmQ1NTp7Il9hdXRoX3VzZXJfaGFzaCI6ImYxZjFlMGIxMWU0OGNkNjA4ZjljMDNkYjQxN2E4Zjk5NDBlNDMzODUiLCJfYXV0aF91c2VyX2lkIjoiMSIsIl9hdXRoX3VzZXJfYmFja2VuZCI6ImRqYW5nby5jb250cmliLmF1dGguYmFja2VuZHMuTW9kZWxCYWNrZW5kIn0=','2018-07-24 10:07:22.626553'),('wzvzgdeto4ec31uyv8rapqj8eddo96n4','MzZmMDVkOTY1YWI1ODExZTljNmYzNjU3NzYxM2U4NjI5NTdhZDliNjp7ImxvZ2luX2Zyb20iOiJodHRwczovL21jLnFjc3VubGlnaHQuY24vY2FyL2NvbXBhcmUvP2NhcjE9NTAmY2FyMj01MCZjYXIzPSZjYXI0PSIsIl9hdXRoX3VzZXJfaWQiOiIyMyIsIl9hdXRoX3VzZXJfYmFja2VuZCI6ImRqYW5nby5jb250cmliLmF1dGguYmFja2VuZHMuTW9kZWxCYWNrZW5kIiwiX2F1dGhfdXNlcl9oYXNoIjoiMDlkMmU2NWRkOTA2M2I5ZThkOGYzNDFmMjJkZWIwODZmYmEwNWU2NSJ9','2018-07-27 06:50:50.391830'),('xlr5ymlsqi6yoxjdzx80o5dndpg0l1a4','ODJmMzg0M2NmY2UyYjc1NjNhOTRkNWNhMDRkMjgxOTQwN2JjOTUzMTp7ImxvZ2luX2Zyb20iOiIiLCJfYXV0aF91c2VyX2lkIjoiMjIiLCJfYXV0aF91c2VyX2JhY2tlbmQiOiJkamFuZ28uY29udHJpYi5hdXRoLmJhY2tlbmRzLk1vZGVsQmFja2VuZCIsIl9hdXRoX3VzZXJfaGFzaCI6IjZhMzk1MTZkZTQ4MWExYWI3YTRmYzc5ZjY2OTQxOWYzMmZlMmZhZGYifQ==','2018-07-26 13:15:11.684063'),('y2gd5z1tw6v0apv04kiyl2jiimii8ilo','NzE3ZDc0MzhmM2I2ZGY3MjU3MmRjNGE3OWNkZTYwNzdlZTc4MTAyYjp7ImxvZ2luX2Zyb20iOiIifQ==','2018-07-27 01:41:26.331027'),('yz1gzuchr68uwdo86nas1o6oykx9m6hz','NzAxOTBhMGQyNWQ1M2FjNmNjNDQ2MDY5YTdjYTZmNjhhYzlmMjc4NDp7ImxvZ2luX2Zyb20iOiJodHRwOi8vbWMucWNzdW5saWdodC5jbi9jYXIvIn0=','2018-07-25 08:37:25.101992'),('z2c4lfrnh1l918iixktf5ry5lrzrsg4p','MzMwZDFiNDFjOWM0ZTc2NDllMGFlYzk2YWRkMzE2NjFmYjI5NjJiMzp7Il9hdXRoX3VzZXJfaWQiOiI5IiwiX2F1dGhfdXNlcl9oYXNoIjoiZTQwOTk4OWVhNzE3OWIxMjRhZmQ0MDZiM2M4ZTVlNThmZDMzMTY0YSIsIl9hdXRoX3VzZXJfYmFja2VuZCI6ImRqYW5nby5jb250cmliLmF1dGguYmFja2VuZHMuTW9kZWxCYWNrZW5kIiwibG9naW5fZnJvbSI6Imh0dHA6Ly8xNzIuMjkuNy4xOTk6ODAwMC9jYXIvZGV0YWlsLzM2In0=','2018-07-24 10:38:54.783134');
/*!40000 ALTER TABLE `django_session` ENABLE KEYS */;
UNLOCK TABLES;

--
-- Table structure for table `usercenter_accountrecord`
--

DROP TABLE IF EXISTS `usercenter_accountrecord`;
/*!40101 SET @saved_cs_client     = @@character_set_client */;
/*!40101 SET character_set_client = utf8 */;
CREATE TABLE `usercenter_accountrecord` (
  `id` int(11) NOT NULL AUTO_INCREMENT,
  `p_type` varchar(30) NOT NULL,
  `p_intro` varchar(200) NOT NULL,
  `amount` int(11) NOT NULL,
  `user_id` int(11) NOT NULL,
  `p_time` datetime(6) NOT NULL,
  PRIMARY KEY (`id`),
  KEY `usercenter_accountrecord_user_id_5ccc6d36_fk_authen_user_id` (`user_id`),
  CONSTRAINT `usercenter_accountrecord_user_id_5ccc6d36_fk_authen_user_id` FOREIGN KEY (`user_id`) REFERENCES `authen_user` (`id`)
) ENGINE=InnoDB AUTO_INCREMENT=18 DEFAULT CHARSET=utf8;
/*!40101 SET character_set_client = @saved_cs_client */;

--
-- Dumping data for table `usercenter_accountrecord`
--

LOCK TABLES `usercenter_accountrecord` WRITE;
/*!40000 ALTER TABLE `usercenter_accountrecord` DISABLE KEYS */;
INSERT INTO `usercenter_accountrecord` VALUES (2,'充值','用户账户充值',32,1,'2018-07-12 16:58:52.848710'),(3,'充值','用户账户充值',999999,1,'2018-07-12 16:58:52.848710'),(4,'消费','购买 2017款 凌派 1.8L CVT舒适版',12,1,'2018-07-12 17:21:49.253436'),(5,'消费','购买 2017款 凌派 1.8L CVT舒适版',12,1,'2018-07-12 17:22:38.559256'),(6,'消费','购买 2016款 雅阁 混动 2.0L 锐酷版',2,1,'2018-07-12 17:22:56.076258'),(7,'消费','购买 2016款 雅阁 混动 2.0L 锐酷版',2,1,'2018-07-12 17:25:33.729275'),(8,'消费','购买 2016款 雅阁 混动 2.0L 锐酷版',2,1,'2018-07-12 17:25:59.895772'),(9,'消费','购买 2016款 雅阁 2.0L 舒适版',170000,1,'2018-07-12 17:28:26.483156'),(10,'消费','购买 2018款 名爵ZS 1.5L 自动豪华版',90000,1,'2018-07-12 17:41:33.407166'),(11,'充值','用户账户充值',9999999,23,'2018-07-12 17:46:43.311891'),(12,'消费','购买 2018款 锐腾 20T 自动豪华版',130000,23,'2018-07-12 17:47:01.468930'),(13,'充值','用户账户充值',1000000,19,'2018-07-12 23:49:13.015903'),(14,'消费','购买 2018款 奔驰C级 C 200 L 运动版 成就特别版',350000,19,'2018-07-12 23:49:42.098567'),(15,'消费','购买 2018款 奔驰C级 C 200 L 运动版 成就特别版',350000,1,'2018-07-12 23:59:52.149459'),(16,'充值','用户账户充值',12,23,'2018-07-13 01:59:39.601558'),(17,'消费','购买 2018款 锐腾 20T 自动豪华版',130000,23,'2018-07-13 01:59:57.391576');
/*!40000 ALTER TABLE `usercenter_accountrecord` ENABLE KEYS */;
UNLOCK TABLES;

--
-- Table structure for table `usercenter_notice`
--

DROP TABLE IF EXISTS `usercenter_notice`;
/*!40101 SET @saved_cs_client     = @@character_set_client */;
/*!40101 SET character_set_client = utf8 */;
CREATE TABLE `usercenter_notice` (
  `id` int(11) NOT NULL AUTO_INCREMENT,
  `content` varchar(200) NOT NULL,
  `n_time` datetime(6) NOT NULL,
  `user_id` int(11) NOT NULL,
  PRIMARY KEY (`id`),
  KEY `usercenter_notice_user_id_c0e64d9c_fk_authen_user_id` (`user_id`),
  CONSTRAINT `usercenter_notice_user_id_c0e64d9c_fk_authen_user_id` FOREIGN KEY (`user_id`) REFERENCES `authen_user` (`id`)
) ENGINE=InnoDB AUTO_INCREMENT=32 DEFAULT CHARSET=utf8;
/*!40101 SET character_set_client = @saved_cs_client */;

--
-- Dumping data for table `usercenter_notice`
--

LOCK TABLES `usercenter_notice` WRITE;
/*!40000 ALTER TABLE `usercenter_notice` DISABLE KEYS */;
INSERT INTO `usercenter_notice` VALUES (1,'用户 liu 已收藏 2018款 锐腾 20T 自动豪华版','2018-07-12 11:36:34.069595',1),(2,'用户 liu 已收藏 2018款 锐腾 20T 自动豪华版','2018-07-12 11:38:05.825843',1),(3,'用户 liu 已取消收藏 2018款 锐腾 20T 自动豪华版','2018-07-12 11:38:07.067914',1),(4,'用户 liu 已收藏 2017款 福睿斯 1.5L 自动舒适型','2018-07-12 11:38:23.477853',1),(5,'用户 liu 已取消收藏 2017款 福睿斯 1.5L 自动舒适型','2018-07-12 11:41:10.953432',1),(6,'用户liu 预约 MG3 2017款 1.5L自动智联精英版 成功.','2018-07-12 11:44:44.775662',1),(7,'用户 liu 已收藏 2018款 锐腾 20T 自动豪华版','2018-07-12 12:14:05.934394',1),(8,'用户 liu 已收藏 2018款 奔驰GLA级 GLA 200 动感型','2018-07-12 12:18:25.197223',1),(9,'用户liu 预约 2018款 奔驰GLA级 GLA 200 动感型 成功.','2018-07-12 12:19:43.209686',1),(11,'用户 rsf 已收藏 2018款 名爵ZS 1.5L 自动豪华版','2018-07-12 13:17:55.799450',22),(12,'用户 rsf 已收藏 2018款 奔驰GLA级 GLA 200 动感型','2018-07-12 13:18:08.868198',22),(13,'用户 rsf 已取消收藏 2018款 名爵ZS 1.5L 自动豪华版','2018-07-12 13:18:47.498407',22),(14,'用户 rsf 已取消收藏 2018款 奔驰GLA级 GLA 200 动感型','2018-07-12 13:18:50.033552',22),(15,'用户xjl 已预约 2018款 奔驰C级 C 200 L 运动版 成就特别版 .','2018-07-12 15:24:39.910380',19),(16,'用户xjl 已预约 2017款 MODEL S 75D 电动全景天窗 .','2018-07-13 00:01:08.005798',19),(17,'用户xjl 已预约 2018款 奔驰C级 C 200 L 运动版 成就特别版 .','2018-07-13 00:03:05.413513',19),(18,'用户 xjl 已收藏 2018款 奔驰C级 C 200 L 运动版 成就特别版','2018-07-13 00:04:47.344344',19),(19,'用户xjl 已预约 林肯大陆 2018款2.0T 两驱尊悦版 .','2018-07-13 00:16:33.374726',19),(20,'用户 xjl 已取消收藏 2018款 奔驰C级 C 200 L 运动版 成就特别版','2018-07-13 00:18:41.053029',19),(21,'用户 xjl 已收藏 2018款 奔驰C级 C 200 L 运动版 成就特别版','2018-07-13 00:18:42.162092',19),(22,'用户 liu 已收藏 2018款 奔驰C级 C 200 L 运动版 成就特别版','2018-07-13 01:00:16.487760',1),(23,'用户 liu 已取消收藏 2018款 奔驰C级 C 200 L 运动版 成就特别版','2018-07-13 01:00:21.429042',1),(24,'用户 liu 已收藏 2018款 奔驰C级 C 200 L 运动版 成就特别版','2018-07-13 01:00:22.272091',1),(25,'用户xjl 已预约 2018款 锐腾 20T 自动豪华版 .','2018-07-13 01:34:10.624106',19),(26,'用户 xjl 已取消收藏 2018款 奔驰C级 C 200 L 运动版 成就特别版','2018-07-13 01:35:38.671142',19),(27,'用户 xjl 已收藏 2018款 奔驰C级 C 200 L 运动版 成就特别版','2018-07-13 01:35:39.780205',19),(28,'用户 xjl 已取消收藏 2018款 奔驰C级 C 200 L 运动版 成就特别版','2018-07-13 01:45:11.682916',19),(29,'用户 xjl 已收藏 2018款 奔驰C级 C 200 L 运动版 成就特别版','2018-07-13 01:45:13.042994',19),(30,'用户 yuesp 已收藏 2018款 锐腾 20T 自动豪华版','2018-07-13 06:52:05.580131',23),(31,'用户yuesp 已预约 2018款 锐腾 20T 自动豪华版 .','2018-07-13 06:52:13.903607',23);
/*!40000 ALTER TABLE `usercenter_notice` ENABLE KEYS */;
UNLOCK TABLES;

--
-- Table structure for table `usercenter_payrecord`
--

DROP TABLE IF EXISTS `usercenter_payrecord`;
/*!40101 SET @saved_cs_client     = @@character_set_client */;
/*!40101 SET character_set_client = utf8 */;
CREATE TABLE `usercenter_payrecord` (
  `id` int(11) NOT NULL AUTO_INCREMENT,
  `is_paied` tinyint(1) NOT NULL,
  `p_type` varchar(30) NOT NULL,
  `cost` int(11) DEFAULT NULL,
  `costed` int(11) DEFAULT NULL,
  `car_id` int(11) NOT NULL,
  `user_id` int(11) NOT NULL,
  `pay_time` datetime(6) NOT NULL,
  PRIMARY KEY (`id`),
  KEY `usercenter_payrecord_car_price_id_053a2963_fk_car_carprice_id` (`car_id`),
  KEY `usercenter_payrecord_user_id_9f30249c_fk_authen_user_id` (`user_id`),
  CONSTRAINT `usercenter_payrecord_user_id_9f30249c_fk_authen_user_id` FOREIGN KEY (`user_id`) REFERENCES `authen_user` (`id`)
) ENGINE=InnoDB AUTO_INCREMENT=10 DEFAULT CHARSET=utf8;
/*!40101 SET character_set_client = @saved_cs_client */;

--
-- Dumping data for table `usercenter_payrecord`
--

LOCK TABLES `usercenter_payrecord` WRITE;
/*!40000 ALTER TABLE `usercenter_payrecord` DISABLE KEYS */;
INSERT INTO `usercenter_payrecord` VALUES (2,1,'全款',NULL,NULL,34,1,'2018-07-12 17:25:33.778278'),(3,1,'全款',NULL,NULL,34,1,'2018-07-12 17:25:59.920773'),(4,1,'全款',NULL,NULL,36,1,'2018-07-12 17:28:26.550160'),(5,1,'全款',NULL,NULL,29,1,'2018-07-12 17:41:33.440168'),(6,1,'全款',NULL,NULL,51,23,'2018-07-12 17:47:01.502932'),(7,1,'全款',NULL,NULL,38,19,'2018-07-12 23:49:42.132568'),(8,1,'全款',NULL,NULL,38,1,'2018-07-12 23:59:52.174461'),(9,1,'全款',NULL,NULL,51,23,'2018-07-13 01:59:57.425578');
/*!40000 ALTER TABLE `usercenter_payrecord` ENABLE KEYS */;
UNLOCK TABLES;

--
-- Table structure for table `usercenter_useraccount`
--

DROP TABLE IF EXISTS `usercenter_useraccount`;
/*!40101 SET @saved_cs_client     = @@character_set_client */;
/*!40101 SET character_set_client = utf8 */;
CREATE TABLE `usercenter_useraccount` (
  `id` int(11) NOT NULL AUTO_INCREMENT,
  `yue` int(11) NOT NULL,
  `user_id` int(11) NOT NULL,
  PRIMARY KEY (`id`),
  UNIQUE KEY `user_id` (`user_id`),
  CONSTRAINT `usercenter_useraccount_user_id_c2df99c4_fk_authen_user_id` FOREIGN KEY (`user_id`) REFERENCES `authen_user` (`id`)
) ENGINE=InnoDB AUTO_INCREMENT=8 DEFAULT CHARSET=utf8;
/*!40101 SET character_set_client = @saved_cs_client */;

--
-- Dumping data for table `usercenter_useraccount`
--

LOCK TABLES `usercenter_useraccount` WRITE;
/*!40000 ALTER TABLE `usercenter_useraccount` DISABLE KEYS */;
INSERT INTO `usercenter_useraccount` VALUES (2,350037,1),(3,650000,19),(4,10,22),(5,9740011,23),(6,0,24),(7,0,25);
/*!40000 ALTER TABLE `usercenter_useraccount` ENABLE KEYS */;
UNLOCK TABLES;
/*!40103 SET TIME_ZONE=@OLD_TIME_ZONE */;

/*!40101 SET SQL_MODE=@OLD_SQL_MODE */;
/*!40014 SET FOREIGN_KEY_CHECKS=@OLD_FOREIGN_KEY_CHECKS */;
/*!40014 SET UNIQUE_CHECKS=@OLD_UNIQUE_CHECKS */;
/*!40101 SET CHARACTER_SET_CLIENT=@OLD_CHARACTER_SET_CLIENT */;
/*!40101 SET CHARACTER_SET_RESULTS=@OLD_CHARACTER_SET_RESULTS */;
/*!40101 SET COLLATION_CONNECTION=@OLD_COLLATION_CONNECTION */;
/*!40111 SET SQL_NOTES=@OLD_SQL_NOTES */;

-- Dump completed on 2018-07-13 15:11:40
